Timestamp,User Count,Type,Name,Requests/s,Failures/s,50%,66%,75%,80%,90%,95%,98%,99%,99.9%,99.99%,100%,Total Request Count,Total Failure Count,Total Median Response Time,Total Average Response Time,Total Min Response Time,Total Max Response Time,Total Average Content Size
1788008331,0,,Aggregated,0.000000,0.000000,N/A,N/A,N/A,N/A,N/A,N/A,N/A,N/A,N/A,N/A,N/A,0,0,0,0.0,0,0,0
1788008332,10,GET,/avatar/{username},0.000000,0.000000,0,0,0,0,0,0,0,0,0,0,0,12,0,1.7598230006115045,1.554502083384553,1.3851090006937739,1.7598230006115045,277.0
1788008332,10,GET,/info,0.000000,0.000000,0,0,0,0,0,0,0,0,0,0,0,8,0,1,2.129565000018374,0.7955529999890132,4.876613000305952,851.0
1788008332,10,GET,/labels,0.000000,0.000000,0,0,0,0,0,0,0,0,0,0,0,8,0,41,39.5776784997679,27.126297999529925,51.32581299949379,2629.375
1788008332,10,POST,/login,0.000000,0.000000,0,0,0,0,0,0,0,0,0,0,0,14,0,330,281.0017324286491,122.94386299981852,360.8903519998421,380.2142857142857
1788008332,10,GET,/projects,0.000000,0.000000,0,0,0,0,0,0,0,0,0,0,0,8,0,50,76.52869875016677,27.70269000029657,122.19518700021581,17151.625
1788008332,10,GET,/projects/{id},0.000000,0.000000,0,0,0,0,0,0,0,0,0,0,0,4,0,10,10.10408850015665,7.0703110004615155,12.582387000293238,1647.25
1788008332,10,GET,/projects/{id}/views/{view}/buckets/tasks [kanban],0.000000,0.000000,0,0,0,0,0,0,0,0,0,0,0,4,0,19,20.107254999857105,18.601945999762393,22.76642500055459,40174.5
1788008332,10,GET,/tasks [home],0.000000,0.000000,0,0,0,0,0,0,0,0,0,0,0,8,0,23,24.511907999908544,19.44404699952429,31.51497599992581,39986.25
1788008332,10,GET,/tasks/{id} [bot],0.000000,0.000000,0,0,0,0,0,0,0,0,0,0,0,2,0,96.19270899929688,107.55213149968768,96.19270899929688,118.91155400007847,876.5
1788008332,10,GET,/user,0.000000,0.000000,0,0,0,0,0,0,0,0,0,0,0,8,0,5,9.062076375016659,2.5078779999603285,17.139872000370815,593.5
1788008332,10,WS,connect+auth+subscribe,0.000000,0.000000,0,0,0,0,0,0,0,0,0,0,0,8,0,6,6.005734205245972,4.282712936401367,8.179664611816406,0.0
1788008332,10,,Aggregated,0.000000,0.000000,0,0,0,0,0,0,0,0,0,0,0,84,0,19,66.08515717431104,0.7955529999890132,360.8903519998421,7945.011904761905
1788008333,20,GET,/avatar/{username},0.000000,0.000000,0,0,0,0,0,0,0,0,0,0,0,21,0,2,1.7096895714227383,1.3023339997744188,4.926747999888903,277.0
1788008333,20,GET,/info,0.000000,0.000000,1,2,2,4,4,7,7,7,7,7,7,17,0,1,2.256086705850013,0.6950150000193389,6.604647999665758,851.0
1788008333,20,GET,/labels,0.000000,0.000000,0,0,0,0,0,0,0,0,0,0,0,17,0,41,38.41685141169899,18.131382999854395,56.93368899937923,2857.294117647059
1788008333,20,POST,/login,0.000000,0.000000,300,310,310,320,370,370,370,370,370,370,370,29,0,310,275.3323935172563,122.94386299981852,369.012326000302,381.0689655172414
1788008333,20,GET,/projects,0.000000,0.000000,0,0,0,0,0,0,0,0,0,0,0,17,0,50,71.47968788237503,27.641516000585398,124.89350099986041,17370.941176470587
1788008333,20,GET,/projects/{id},0.000000,0.000000,0,0,0,0,0,0,0,0,0,0,0,7,0,9,9.146248000044059,6.99340699975437,12.582387000293238,1649.4285714285713
1788008333,20,GET,/projects/{id}/views/{view}/buckets/tasks [kanban],0.000000,0.000000,0,0,0,0,0,0,0,0,0,0,0,5,0,20,20.50321159986197,18.601945999762393,22.76642500055459,40120.6
1788008333,20,GET,/projects/{id}/views/{view}/tasks [list],0.000000,0.000000,0,0,0,0,0,0,0,0,0,0,0,3,0,16,16.26356100011132,14.957696000237775,17.76853299998038,20124.666666666668
1788008333,20,GET,/tasks [bot],0.000000,0.000000,0,0,0,0,0,0,0,0,0,0,0,1,0,163.26392399969336,163.26392399969336,163.26392399969336,163.26392399969336,79035.0
1788008333,20,GET,/tasks [home],0.000000,0.000000,0,0,0,0,0,0,0,0,0,0,0,17,0,24,24.964739176432296,15.031994999844756,33.564453000508365,40338.94117647059
1788008333,20,GET,/tasks/{id},0.000000,0.000000,0,0,0,0,0,0,0,0,0,0,0,1,0,15.272396999534976,15.272396999534976,15.272396999534976,15.272396999534976,1064.0
1788008333,20,GET,/tasks/{id} [bot],0.000000,0.000000,120,120,120,120,120,120,120,120,120,120,120,3,0,96,90.84191199963243,57.42147299952194,118.91155400007847,898.3333333333334
1788008333,20,GET,/tasks/{id}/comments,0.000000,0.000000,0,0,0,0,0,0,0,0,0,0,0,1,0,8.051664000049641,8.051664000049641,8.051664000049641,8.051664000049641,137.0
1788008333,20,PUT,/tasks/{id}/read,0.000000,0.000000,0,0,0,0,0,0,0,0,0,0,0,1,0,1.1479250006232178,1.1479250006232178,1.1479250006232178,1.1479250006232178,93.0
1788008333,20,GET,/user,0.000000,0.000000,6,8,36,37,48,54,54,54,54,54,54,17,0,7,15.823874470537275,2.5078779999603285,53.642600999410206,594.7058823529412
1788008333,20,WS,connect+auth+subscribe,0.000000,0.000000,0,0,0,0,0,0,0,0,0,0,0,17,0,4,4.406354006598978,2.181529998779297,8.179664611816406,0.0
1788008333,20,,Aggregated,0.000000,0.000000,19,32,45,57,140,310,320,370,370,370,370,174,0,19,65.35082820751974,0.6950150000193389,369.012326000302,8199.045977011494
1788008334,20,GET,/avatar/{username},0.000000,0.000000,2,2,2,2,5,5,5,5,5,5,5,21,0,2,1.7096895714227383,1.3023339997744188,4.926747999888903,277.0
1788008334,20,GET,/info,0.000000,0.000000,1,2,2,4,4,7,7,7,7,7,7,17,0,1,2.256086705850013,0.6950150000193389,6.604647999665758,851.0
1788008334,20,GET,/labels,0.000000,0.000000,35,42,49,49,57,57,57,57,57,57,57,17,0,41,38.41685141169899,18.131382999854395,56.93368899937923,2857.294117647059
1788008334,20,POST,/login,0.000000,0.000000,300,310,310,320,370,370,370,370,370,370,370,29,0,310,275.3323935172563,122.94386299981852,369.012326000302,381.0689655172414
1788008334,20,GET,/projects,0.000000,0.000000,41,87,110,120,120,120,120,120,120,120,120,17,0,50,71.47968788237503,27.641516000585398,124.89350099986041,17370.941176470587
1788008334,20,GET,/projects/{id},0.000000,0.000000,7,7,9,9,9,9,9,9,9,9,9,7,0,9,9.146248000044059,6.99340699975437,12.582387000293238,1649.4285714285713
1788008334,20,GET,/projects/{id}/views/{view}/buckets/tasks [kanban],0.000000,0.000000,22,22,22,22,22,22,22,22,22,22,22,5,0,20,20.50321159986197,18.601945999762393,22.76642500055459,40120.6
1788008334,20,GET,/projects/{id}/views/{view}/tasks [list],0.000000,0.000000,0,0,0,0,0,0,0,0,0,0,0,3,0,16,16.26356100011132,14.957696000237775,17.76853299998038,20124.666666666668
1788008334,20,GET,/tasks [bot],0.000000,0.000000,0,0,0,0,0,0,0,0,0,0,0,1,0,163.26392399969336,163.26392399969336,163.26392399969336,163.26392399969336,79035.0
1788008334,20,GET,/tasks [home],0.000000,0.000000,24,29,31,33,34,34,34,34,34,34,34,17,0,24,24.964739176432296,15.031994999844756,33.564453000508365,40338.94117647059
1788008334,20,GET,/tasks/{id},0.000000,0.000000,0,0,0,0,0,0,0,0,0,0,0,1,0,15.272396999534976,15.272396999534976,15.272396999534976,15.272396999534976,1064.0
1788008334,20,GET,/tasks/{id} [bot],0.000000,0.000000,57,57,120,120,120,120,120,120,120,120,120,4,0,57,72.44458749960359,17.252613999517052,118.91155400007847,909.25
1788008334,20,GET,/tasks/{id}/comments,0.000000,0.000000,0,0,0,0,0,0,0,0,0,0,0,1,0,8.051664000049641,8.051664000049641,8.051664000049641,8.051664000049641,137.0
1788008334,20,PUT,/tasks/{id}/read,0.000000,0.000000,0,0,0,0,0,0,0,0,0,0,0,1,0,1.1479250006232178,1.1479250006232178,1.1479250006232178,1.1479250006232178,93.0
1788008334,20,GET,/user,0.000000,0.000000,6,8,36,37,48,54,54,54,54,54,54,17,0,7,15.823874470537275,2.5078779999603285,53.642600999410206,594.7058823529412
1788008334,20,WS,connect+auth+subscribe,0.000000,0.000000,3,4,4,4,4,4,4,4,4,4,4,17,0,4,4.406354006598978,2.181529998779297,8.179664611816406,0.0
1788008334,20,,Aggregated,0.000000,0.000000,19,32,45,54,140,310,320,370,370,370,370,175,0,19,65.0759812691883,0.6950150000193389,369.012326000302,8157.5771428571425
1788008335,20,GET,/avatar/{username},0.000000,0.000000,2,2,2,2,5,5,5,5,5,5,5,21,0,2,1.7096895714227383,1.3023339997744188,4.926747999888903,277.0
1788008335,20,GET,/info,4.000000,0.000000,1,2,2,4,4,7,7,7,7,7,7,17,0,1,2.256086705850013,0.6950150000193389,6.604647999665758,851.0
1788008335,20,GET,/labels,0.000000,0.000000,35,42,49,49,57,57,57,57,57,57,57,17,0,41,38.41685141169899,18.131382999854395,56.93368899937923,2857.294117647059
1788008335,20,POST,/login,10.000000,0.000000,300,310,310,320,370,370,370,370,370,370,370,29,0,310,275.3323935172563,122.94386299981852,369.012326000302,381.0689655172414
1788008335,20,GET,/projects,0.000000,0.000000,41,87,110,120,120,120,120,120,120,120,120,17,0,50,71.47968788237503,27.641516000585398,124.89350099986041,17370.941176470587
1788008335,20,GET,/projects/{id},0.000000,0.000000,7,7,9,9,9,9,9,9,9,9,9,7,0,9,9.146248000044059,6.99340699975437,12.582387000293238,1649.4285714285713
1788008335,20,GET,/projects/{id}/tasks [bot],0.000000,0.000000,0,0,0,0,0,0,0,0,0,0,0,2,0,17,18.412546000490693,16.988429000775795,19.83666300020559,27084.5
1788008335,20,GET,/projects/{id}/views/{view}/buckets/tasks [kanban],0.000000,0.000000,22,22,22,22,22,22,22,22,22,22,22,5,0,20,20.50321159986197,18.601945999762393,22.76642500055459,40120.6
1788008335,20,GET,/projects/{id}/views/{view}/tasks [list],0.000000,0.000000,16,16,18,18,18,18,18,18,18,18,18,3,0,16,16.26356100011132,14.957696000237775,17.76853299998038,20124.666666666668
1788008335,20,GET,/tasks [bot],0.000000,0.000000,160,160,160,160,160,160,160,160,160,160,160,1,0,163.26392399969336,163.26392399969336,163.26392399969336,163.26392399969336,79035.0
1788008335,20,GET,/tasks [home],0.000000,0.000000,24,29,31,33,34,34,34,34,34,34,34,17,0,24,24.964739176432296,15.031994999844756,33.564453000508365,40338.94117647059
1788008335,20,GET,/tasks/{id},0.000000,0.000000,15,15,15,15,15,15,15,15,15,15,15,1,0,15.272396999534976,15.272396999534976,15.272396999534976,15.272396999534976,1064.0
1788008335,20,GET,/tasks/{id} [bot],1.000000,0.000000,57,57,120,120,120,120,120,120,120,120,120,5,0,57,61.1293793996083,15.868546999627142,118.91155400007847,902.4
1788008335,20,GET,/tasks/{id}/comments,0.000000,0.000000,8,8,8,8,8,8,8,8,8,8,8,1,0,8.051664000049641,8.051664000049641,8.051664000049641,8.051664000049641,137.0
1788008335,20,PUT,/tasks/{id}/read,0.000000,0.000000,1,1,1,1,1,1,1,1,1,1,1,1,0,1.1479250006232178,1.1479250006232178,1.1479250006232178,1.1479250006232178,93.0
1788008335,20,GET,/user,4.000000,0.000000,6,8,36,37,48,54,54,54,54,54,54,17,0,7,15.823874470537275,2.5078779999603285,53.642600999410206,594.7058823529412
1788008335,20,WS,connect+auth+subscribe,0.000000,0.000000,3,4,4,4,4,4,4,4,4,4,4,17,0,4,4.406354006598978,2.181529998779297,8.179664611816406,0.0
1788008335,20,,Aggregated,19.000000,0.000000,19,31,42,54,140,310,320,370,370,370,370,178,0,19,64.2752267478009,0.6950150000193389,369.012326000302,8329.32584269663
1788008336,20,GET,/avatar/{username},7.000000,0.000000,2,2,2,2,5,5,5,5,5,5,5,21,0,2,1.7096895714227383,1.3023339997744188,4.926747999888903,277.0
1788008336,20,GET,/info,5.666667,0.000000,1,2,2,4,4,7,7,7,7,7,7,17,0,1,2.256086705850013,0.6950150000193389,6.604647999665758,851.0
1788008336,20,GET,/labels,5.666667,0.000000,35,42,49,49,57,57,57,57,57,57,57,17,0,41,38.41685141169899,18.131382999854395,56.93368899937923,2857.294117647059
1788008336,20,POST,/login,9.666667,0.000000,300,310,310,320,370,370,370,370,370,370,370,29,0,310,275.3323935172563,122.94386299981852,369.012326000302,381.0689655172414
1788008336,20,GET,/projects,5.666667,0.000000,41,87,110,120,120,120,120,120,120,120,120,17,0,50,71.47968788237503,27.641516000585398,124.89350099986041,17370.941176470587
1788008336,20,GET,/projects [bot],0.000000,0.000000,0,0,0,0,0,0,0,0,0,0,0,1,0,17.926508000527974,17.926508000527974,17.926508000527974,17.926508000527974,17379.0
1788008336,20,GET,/projects/{id},2.333333,0.000000,7,7,9,9,9,9,9,9,9,9,9,7,0,9,9.146248000044059,6.99340699975437,12.582387000293238,1649.4285714285713
1788008336,20,GET,/projects/{id}/tasks [bot],0.000000,0.000000,18,18,18,18,18,18,18,18,18,18,18,3,0,18,18.394778000280592,16.988429000775795,19.83666300020559,23200.666666666668
1788008336,20,GET,/projects/{id}/views/{view}/buckets/tasks [kanban],1.666667,0.000000,22,22,22,22,22,22,22,22,22,22,22,5,0,20,20.50321159986197,18.601945999762393,22.76642500055459,40120.6
1788008336,20,GET,/projects/{id}/views/{view}/tasks [list],1.000000,0.000000,16,16,18,18,18,18,18,18,18,18,18,3,0,16,16.26356100011132,14.957696000237775,17.76853299998038,20124.666666666668
1788008336,20,GET,/tasks [bot],0.333333,0.000000,160,160,160,160,160,160,160,160,160,160,160,2,0,28,95.41349049959535,27.56305699949735,163.26392399969336,79035.0
1788008336,20,GET,/tasks [home],5.666667,0.000000,24,29,31,33,34,34,34,34,34,34,34,17,0,24,24.964739176432296,15.031994999844756,33.564453000508365,40338.94117647059
1788008336,20,GET,/tasks/{id},0.333333,0.000000,30,30,30,30,30,30,30,30,30,30,30,2,0,15.272396999534976,22.623064999606868,15.272396999534976,29.97373299967876,1222.0
1788008336,20,GET,/tasks/{id} [bot],1.333333,0.000000,17,57,57,120,120,120,120,120,120,120,120,6,0,17,53.59559349972187,15.868546999627142,118.91155400007847,898.8333333333334
1788008336,20,GET,/tasks/{id}/comments,0.333333,0.000000,8,8,8,8,8,8,8,8,8,8,8,2,0,7.336722000218288,7.694193000133964,7.336722000218288,8.051664000049641,137.0
1788008336,20,PUT,/tasks/{id}/read,0.333333,0.000000,2,2,2,2,2,2,2,2,2,2,2,2,0,1.1479250006232178,1.637323000068136,1.1479250006232178,2.1267209995130543,93.0
1788008336,20,GET,/user,5.666667,0.000000,6,8,36,37,48,54,54,54,54,54,54,17,0,7,15.823874470537275,2.5078779999603285,53.642600999410206,594.7058823529412
1788008336,20,WS,connect+auth+subscribe,5.666667,0.000000,3,4,4,4,4,4,4,4,4,4,4,17,0,4,4.406354006598978,2.181529998779297,8.179664611816406,0.0
1788008336,20,,Aggregated,58.333333,0.000000,18,30,41,50,140,310,320,370,370,370,370,185,0,19,62.4875838276116,0.6950150000193389,369.012326000302,8632.205405405406
1788008337,20,GET,/avatar/{username},5.250000,0.000000,2,2,2,2,3,5,5,5,5,5,5,23,0,2,1.7728066956371311,1.3023339997744188,4.926747999888903,277.0
1788008337,20,GET,/info,4.250000,0.000000,1,2,2,4,4,7,7,7,7,7,7,17,0,1,2.256086705850013,0.6950150000193389,6.604647999665758,851.0
1788008337,20,GET,/labels,4.250000,0.000000,35,42,49,49,57,57,57,57,57,57,57,17,0,41,38.41685141169899,18.131382999854395,56.93368899937923,2857.294117647059
1788008337,20,POST,/login,7.250000,0.000000,300,310,310,320,370,370,370,370,370,370,370,29,0,310,275.3323935172563,122.94386299981852,369.012326000302,381.0689655172414
1788008337,20,GET,/projects,4.250000,0.000000,41,87,110,120,120,120,120,120,120,120,120,17,0,50,71.47968788237503,27.641516000585398,124.89350099986041,17370.941176470587
1788008337,20,GET,/projects [bot],0.000000,0.000000,18,18,18,18,18,18,18,18,18,18,18,1,0,17.926508000527974,17.926508000527974,17.926508000527974,17.926508000527974,17379.0
1788008337,20,GET,/projects/{id},1.750000,0.000000,7,7,9,9,9,9,9,9,9,9,9,7,0,9,9.146248000044059,6.99340699975437,12.582387000293238,1649.4285714285713
1788008337,20,GET,/projects/{id}/tasks [bot],0.500000,0.000000,18,18,18,18,18,18,18,18,18,18,18,3,0,18,18.394778000280592,16.988429000775795,19.83666300020559,23200.666666666668
1788008337,20,GET,/projects/{id}/views/{view}/buckets/tasks [kanban],1.250000,0.000000,22,22,22,22,22,22,22,22,22,22,22,5,0,20,20.50321159986197,18.601945999762393,22.76642500055459,40120.6
1788008337,20,GET,/projects/{id}/views/{view}/tasks [list],0.750000,0.000000,18,18,25,25,25,25,25,25,25,25,25,4,0,16,18.34941000015533,14.957696000237775,24.606957000287366,20191.25
1788008337,20,GET,/tasks [bot],0.250000,0.000000,160,160,160,160,160,160,160,160,160,160,160,2,0,28,95.41349049959535,27.56305699949735,163.26392399969336,79035.0
1788008337,20,GET,/tasks [home],4.250000,0.000000,26,29,31,33,34,34,34,34,34,34,34,18,0,24,25.021906555492833,15.031994999844756,33.564453000508365,40291.5
1788008337,20,GET,/tasks/{id},0.250000,0.000000,30,30,30,30,30,30,30,30,30,30,30,2,0,15.272396999534976,22.623064999606868,15.272396999534976,29.97373299967876,1222.0
1788008337,20,GET,/tasks/{id} [bot],1.250000,0.000000,16,17,57,57,120,120,120,120,120,120,120,8,0,16,44.29525849980109,15.868546999627142,118.91155400007847,901.875
1788008337,20,GET,/tasks/{id}/comments,0.250000,0.000000,8,8,8,8,8,8,8,8,8,8,8,2,0,7.336722000218288,7.694193000133964,7.336722000218288,8.051664000049641,137.0
1788008337,20,PUT,/tasks/{id}/read,0.250000,0.000000,2,2,2,2,2,2,2,2,2,2,2,2,0,1.1479250006232178,1.637323000068136,1.1479250006232178,2.1267209995130543,93.0
1788008337,20,GET,/user,4.250000,0.000000,6,8,36,37,48,54,54,54,54,54,54,17,0,7,15.823874470537275,2.5078779999603285,53.642600999410206,594.7058823529412
1788008337,20,WS,connect+auth+subscribe,4.250000,0.000000,3,4,4,4,4,4,4,4,4,4,4,17,0,4,4.406354006598978,2.181529998779297,8.179664611816406,0.0
1788008337,20,,Aggregated,44.500000,0.000000,18,29,41,49,130,310,320,370,370,370,370,191,0,18,60.986718833025186,0.6950150000193389,369.012326000302,8686.96335078534
1788008338,20,GET,/avatar/{username},4.200000,0.000000,2,2,2,2,3,5,5,5,5,5,5,23,0,2,1.7728066956371311,1.3023339997744188,4.926747999888903,277.0
1788008338,20,GET,/info,3.400000,0.000000,1,2,2,4,4,7,7,7,7,7,7,17,0,1,2.256086705850013,0.6950150000193389,6.604647999665758,851.0
1788008338,20,GET,/labels,3.400000,0.000000,35,42,49,49,57,57,57,57,57,57,57,17,0,41,38.41685141169899,18.131382999854395,56.93368899937923,2857.294117647059
1788008338,20,POST,/login,5.800000,0.000000,300,310,310,320,370,370,370,370,370,370,370,29,0,310,275.3323935172563,122.94386299981852,369.012326000302,381.0689655172414
1788008338,20,GET,/projects,3.400000,0.000000,41,87,110,120,120,120,120,120,120,120,120,17,0,50,71.47968788237503,27.641516000585398,124.89350099986041,17370.941176470587
1788008338,20,GET,/projects [bot],0.200000,0.000000,18,18,18,18,18,18,18,18,18,18,18,1,0,17.926508000527974,17.926508000527974,17.926508000527974,17.926508000527974,17379.0
1788008338,20,GET,/projects/{id},1.400000,0.000000,7,7,9,9,9,9,9,9,9,9,9,7,0,9,9.146248000044059,6.99340699975437,12.582387000293238,1649.4285714285713
1788008338,20,GET,/projects/{id}/tasks [bot],0.600000,0.000000,18,18,18,18,18,18,18,18,18,18,18,4,0,17,18.137785750241164,16.988429000775795,19.83666300020559,21368.25
1788008338,20,GET,/projects/{id}/views/{view}/buckets/tasks [kanban],1.000000,0.000000,22,22,22,22,22,22,22,22,22,22,22,5,0,20,20.50321159986197,18.601945999762393,22.76642500055459,40120.6
1788008338,20,GET,/projects/{id}/views/{view}/tasks [list],0.600000,0.000000,18,18,25,25,25,25,25,25,25,25,25,4,0,16,18.34941000015533,14.957696000237775,24.606957000287366,20191.25
1788008338,20,GET,/tasks [bot],0.400000,0.000000,160,160,160,160,160,160,160,160,160,160,160,2,0,28,95.41349049959535,27.56305699949735,163.26392399969336,79035.0
1788008338,20,GET,/tasks [home],3.400000,0.000000,26,29,31,33,34,34,34,34,34,34,34,18,0,24,25.021906555492833,15.031994999844756,33.564453000508365,40291.5
1788008338,20,GET,/tasks/{id},0.200000,0.000000,30,30,30,30,30,30,30,30,30,30,30,2,0,15.272396999534976,22.623064999606868,15.272396999534976,29.97373299967876,1222.0
1788008338,20,GET,/tasks/{id} [bot],1.000000,0.000000,17,17,18,57,120,120,120,120,120,120,120,11,0,17,36.79176672713683,15.597857000102522,118.91155400007847,924.0909090909091
1788008338,20,GET,/tasks/{id}/comments,0.200000,0.000000,8,8,8,8,8,8,8,8,8,8,8,2,0,7.336722000218288,7.694193000133964,7.336722000218288,8.051664000049641,137.0
1788008338,20,PUT,/tasks/{id}/read,0.200000,0.000000,2,2,2,2,2,2,2,2,2,2,2,2,0,1.1479250006232178,1.637323000068136,1.1479250006232178,2.1267209995130543,93.0
1788008338,20,GET,/user,3.400000,0.000000,6,8,36,37,48,54,54,54,54,54,54,17,0,7,15.823874470537275,2.5078779999603285,53.642600999410206,594.7058823529412
1788008338,20,WS,connect+auth+subscribe,3.400000,0.000000,3,4,4,4,4,4,4,4,4,4,4,17,0,4,4.406354006598978,2.181529998779297,8.179664611816406,0.0
1788008338,20,,Aggregated,36.200000,0.000000,18,29,40,49,130,310,320,370,370,370,370,195,0,18,60.08296139542579,0.6950150000193389,369.012326000302,8605.287179487179
1788008339,20,GET,/avatar/{username},3.833333,0.000000,2,2,2,2,3,5,5,5,5,5,5,26,0,2,1.8265465384781867,1.3023339997744188,4.926747999888903,277.0
1788008339,20,GET,/info,2.833333,0.000000,1,2,2,4,4,7,7,7,7,7,7,17,0,1,2.256086705850013,0.6950150000193389,6.604647999665758,851.0
1788008339,20,GET,/labels,2.833333,0.000000,35,42,49,49,57,57,57,57,57,57,57,17,0,41,38.41685141169899,18.131382999854395,56.93368899937923,2857.294117647059
1788008339,20,POST,/login,4.833333,0.000000,300,310,310,320,370,370,370,370,370,370,370,29,0,310,275.3323935172563,122.94386299981852,369.012326000302,381.0689655172414
1788008339,20,GET,/projects,2.833333,0.000000,41,87,110,120,120,120,120,120,120,120,120,17,0,50,71.47968788237503,27.641516000585398,124.89350099986041,17370.941176470587
1788008339,20,GET,/projects [bot],0.166667,0.000000,18,18,18,18,18,18,18,18,18,18,18,1,0,17.926508000527974,17.926508000527974,17.926508000527974,17.926508000527974,17379.0
1788008339,20,GET,/projects/{id},1.166667,0.000000,9,9,12,12,12,12,12,12,12,12,12,8,0,9,9.524776000034763,6.99340699975437,12.582387000293238,1649.0
1788008339,20,GET,/projects/{id}/tasks [bot],0.500000,0.000000,18,18,18,18,18,18,18,18,18,18,18,4,0,17,18.137785750241164,16.988429000775795,19.83666300020559,21368.25
1788008339,20,GET,/projects/{id}/views/{view}/buckets/tasks [kanban],0.833333,0.000000,22,22,22,22,22,22,22,22,22,22,22,5,0,20,20.50321159986197,18.601945999762393,22.76642500055459,40120.6
1788008339,20,GET,/projects/{id}/views/{view}/tasks [list],0.500000,0.000000,20,20,24,24,25,25,25,25,25,25,25,6,0,18,19.509625500025624,14.957696000237775,24.606957000287366,20323.166666666668
1788008339,20,GET,/tasks [bot],0.333333,0.000000,160,160,160,160,160,160,160,160,160,160,160,2,0,28,95.41349049959535,27.56305699949735,163.26392399969336,79035.0
1788008339,20,GET,/tasks [home],3.000000,0.000000,26,29,31,33,34,34,34,34,34,34,34,18,0,24,25.021906555492833,15.031994999844756,33.564453000508365,40291.5
1788008339,20,GET,/tasks/{id},0.333333,0.000000,30,30,30,30,30,30,30,30,30,30,30,2,0,15.272396999534976,22.623064999606868,15.272396999534976,29.97373299967876,1222.0
1788008339,20,GET,/tasks/{id} [bot],1.166667,0.000000,17,17,18,18,57,120,120,120,120,120,120,13,0,17,33.59929546142946,15.307052000025578,118.91155400007847,916.6153846153846
1788008339,20,GET,/tasks/{id}/comments,0.333333,0.000000,8,8,8,8,8,8,8,8,8,8,8,2,0,7.336722000218288,7.694193000133964,7.336722000218288,8.051664000049641,137.0
1788008339,20,PUT,/tasks/{id}/read,0.333333,0.000000,2,2,2,2,2,2,2,2,2,2,2,2,0,1.1479250006232178,1.637323000068136,1.1479250006232178,2.1267209995130543,93.0
1788008339,20,GET,/user,2.833333,0.000000,6,8,36,37,48,54,54,54,54,54,54,17,0,7,15.823874470537275,2.5078779999603285,53.642600999410206,594.7058823529412
1788008339,20,WS,connect+auth+subscribe,2.833333,0.000000,3,4,4,4,4,4,4,4,4,4,4,17,0,4,4.406354006598978,2.181529998779297,8.179664611816406,0.0
1788008339,20,,Aggregated,31.500000,0.000000,18,28,37,48,130,300,320,370,370,370,370,203,0,18,58.18132571481964,0.6950150000193389,369.012326000302,8489.817733990149
1788008340,20,GET,/avatar/{username},3.285714,0.000000,2,2,2,2,3,5,5,5,5,5,5,26,0,2,1.8265465384781867,1.3023339997744188,4.926747999888903,277.0
1788008340,20,GET,/info,2.428571,0.000000,1,2,2,4,4,7,7,7,7,7,7,17,0,1,2.256086705850013,0.6950150000193389,6.604647999665758,851.0
1788008340,20,GET,/labels,2.428571,0.000000,35,42,49,49,57,57,57,57,57,57,57,17,0,41,38.41685141169899,18.131382999854395,56.93368899937923,2857.294117647059
1788008340,20,POST,/login,4.142857,0.000000,300,310,310,320,370,370,370,370,370,370,370,29,0,310,275.3323935172563,122.94386299981852,369.012326000302,381.0689655172414
1788008340,20,GET,/projects,2.428571,0.000000,41,87,110,120,120,120,120,120,120,120,120,17,0,50,71.47968788237503,27.641516000585398,124.89350099986041,17370.941176470587
1788008340,20,GET,/projects [bot],0.142857,0.000000,18,18,18,18,18,18,18,18,18,18,18,1,0,17.926508000527974,17.926508000527974,17.926508000527974,17.926508000527974,17379.0
1788008340,20,GET,/projects/{id},1.000000,0.000000,9,9,12,12,12,12,12,12,12,12,12,8,0,9,9.524776000034763,6.99340699975437,12.582387000293238,1649.0
1788008340,20,GET,/projects/{id}/tasks [bot],0.571429,0.000000,17,17,18,18,18,18,18,18,18,18,18,5,0,17,17.26105620018643,13.754137999967497,19.83666300020559,20181.2
1788008340,20,GET,/projects/{id}/views/{view}/buckets/tasks [kanban],0.714286,0.000000,22,22,22,22,22,22,22,22,22,22,22,5,0,20,20.50321159986197,18.601945999762393,22.76642500055459,40120.6
1788008340,20,GET,/projects/{id}/views/{view}/tasks [list],0.571429,0.000000,22,24,25,25,31,31,31,31,31,31,31,8,0,20,21.2303201250279,14.957696000237775,30.55599599974812,20343.5
1788008340,20,GET,/tasks [bot],0.285714,0.000000,160,160,160,160,160,160,160,160,160,160,160,2,0,28,95.41349049959535,27.56305699949735,163.26392399969336,79035.0
1788008340,20,GET,/tasks [home],2.571429,0.000000,26,29,31,33,34,34,34,34,34,34,34,18,0,24,25.021906555492833,15.031994999844756,33.564453000508365,40291.5
1788008340,20,GET,/tasks/{id},0.285714,0.000000,30,30,30,30,30,30,30,30,30,30,30,2,0,15.272396999534976,22.623064999606868,15.272396999534976,29.97373299967876,1222.0
1788008340,20,GET,/tasks/{id} [bot],1.428571,0.000000,17,17,18,19,57,120,120,120,120,120,120,15,0,17,31.467688533302862,15.307052000025578,118.91155400007847,920.1333333333333
1788008340,20,PATCH,/tasks/{id} [patch],0.000000,0.000000,0,0,0,0,0,0,0,0,0,0,0,1,0,26.752528000542952,26.752528000542952,26.752528000542952,26.752528000542952,791.0
1788008340,20,GET,/tasks/{id}/comments,0.285714,0.000000,8,8,8,8,8,8,8,8,8,8,8,2,0,7.336722000218288,7.694193000133964,7.336722000218288,8.051664000049641,137.0
1788008340,20,PUT,/tasks/{id}/read,0.285714,0.000000,2,2,2,2,2,2,2,2,2,2,2,2,0,1.1479250006232178,1.637323000068136,1.1479250006232178,2.1267209995130543,93.0
1788008340,20,GET,/user,2.428571,0.000000,6,8,36,37,48,54,54,54,54,54,54,17,0,7,15.823874470537275,2.5078779999603285,53.642600999410206,594.7058823529412
1788008340,20,WS,connect+auth+subscribe,2.428571,0.000000,3,4,4,4,4,4,4,4,4,4,4,17,0,4,4.406354006598978,2.181529998779297,8.179664611816406,0.0
1788008340,20,,Aggregated,27.714286,0.000000,18,28,35,47,130,300,320,370,370,370,370,209,0,18,57.12595732588482,0.6950150000193389,369.012326000302,8528.0
1788008341,20,GET,/avatar/{username},2.875000,0.000000,2,2,3,3,3,5,5,5,5,5,5,28,0,2,1.9090758571240127,1.3023339997744188,4.926747999888903,277.0
1788008341,20,GET,/info,2.125000,0.000000,1,2,2,4,4,7,7,7,7,7,7,17,0,1,2.256086705850013,0.6950150000193389,6.604647999665758,851.0
1788008341,20,GET,/labels,2.125000,0.000000,35,42,49,49,57,57,57,57,57,57,57,17,0,41,38.41685141169899,18.131382999854395,56.93368899937923,2857.294117647059
1788008341,20,POST,/login,3.625000,0.000000,300,310,310,320,370,370,370,370,370,370,370,29,0,310,275.3323935172563,122.94386299981852,369.012326000302,381.0689655172414
1788008341,20,GET,/projects,2.125000,0.000000,41,87,110,120,120,120,120,120,120,120,120,17,0,50,71.47968788237503,27.641516000585398,124.89350099986041,17370.941176470587
1788008341,20,GET,/projects [bot],0.125000,0.000000,18,18,18,18,18,18,18,18,18,18,18,1,0,17.926508000527974,17.926508000527974,17.926508000527974,17.926508000527974,17379.0
1788008341,20,GET,/projects/{id},0.875000,0.000000,9,9,12,12,12,12,12,12,12,12,12,8,0,9,9.524776000034763,6.99340699975437,12.582387000293238,1649.0
1788008341,20,GET,/projects/{id}/tasks [bot],0.500000,0.000000,17,17,18,18,18,18,18,18,18,18,18,5,0,17,17.26105620018643,13.754137999967497,19.83666300020559,20181.2
1788008341,20,GET,/projects/{id}/views/{view}/buckets/tasks [kanban],0.625000,0.000000,22,22,22,22,22,22,22,22,22,22,22,5,0,20,20.50321159986197,18.601945999762393,22.76642500055459,40120.6
1788008341,20,GET,/projects/{id}/views/{view}/tasks [list],0.500000,0.000000,22,24,25,26,31,31,31,31,31,31,31,9,0,22,21.81418033332092,14.957696000237775,30.55599599974812,20325.666666666668
1788008341,20,GET,/tasks [bot],0.250000,0.000000,160,160,160,160,160,160,160,160,160,160,160,2,0,28,95.41349049959535,27.56305699949735,163.26392399969336,79035.0
1788008341,20,GET,/tasks [home],2.250000,0.000000,26,31,33,33,34,45,45,45,45,45,45,19,0,24,26.064406052587163,15.031994999844756,44.8293970002851,40265.15789473684
1788008341,20,GET,/tasks/{id},0.250000,0.000000,30,30,30,30,30,30,30,30,30,30,30,2,0,15.272396999534976,22.623064999606868,15.272396999534976,29.97373299967876,1222.0
1788008341,20,GET,/tasks/{id} [bot],1.375000,0.000000,17,18,18,19,57,120,120,120,120,120,120,18,0,17,29.508957000012337,15.307052000025578,118.91155400007847,930.9444444444445
1788008341,20,PATCH,/tasks/{id} [patch],0.000000,0.000000,0,0,0,0,0,0,0,0,0,0,0,1,0,26.752528000542952,26.752528000542952,26.752528000542952,26.752528000542952,791.0
1788008341,20,GET,/tasks/{id}/comments,0.250000,0.000000,8,8,8,8,8,8,8,8,8,8,8,2,0,7.336722000218288,7.694193000133964,7.336722000218288,8.051664000049641,137.0
1788008341,20,PUT,/tasks/{id}/read,0.250000,0.000000,2,2,2,2,2,2,2,2,2,2,2,2,0,1.1479250006232178,1.637323000068136,1.1479250006232178,2.1267209995130543,93.0
1788008341,20,GET,/user,2.125000,0.000000,6,8,36,37,48,54,54,54,54,54,54,17,0,7,15.823874470537275,2.5078779999603285,53.642600999410206,594.7058823529412
1788008341,20,WS,connect+auth+subscribe,2.125000,0.000000,3,4,4,4,4,4,4,4,4,4,4,17,0,4,4.406354006598978,2.181529998779297,8.179664611816406,0.0
1788008341,20,,Aggregated,24.375000,0.000000,18,27,34,45,120,300,320,370,370,370,370,216,0,18,55.90624700050739,0.6950150000193389,369.012326000302,8545.532407407407
1788008342,20,GET,/avatar/{username},2.875000,0.000000,2,2,3,3,3,5,5,5,5,5,5,28,0,2,1.9090758571240127,1.3023339997744188,4.926747999888903,277.0
1788008342,20,GET,/info,2.125000,0.000000,1,2,2,2,2,2,2,2,2,2,2,17,0,1,2.256086705850013,0.6950150000193389,6.604647999665758,851.0
1788008342,20,GET,/labels,2.125000,0.000000,35,42,49,49,57,57,57,57,57,57,57,17,0,41,38.41685141169899,18.131382999854395,56.93368899937923,2857.294117647059
1788008342,20,POST,/login,3.625000,0.000000,150,160,160,160,160,160,160,160,160,160,160,29,0,310,275.3323935172563,122.94386299981852,369.012326000302,381.0689655172414
1788008342,20,GET,/projects,2.125000,0.000000,41,87,110,120,120,120,120,120,120,120,120,17,0,50,71.47968788237503,27.641516000585398,124.89350099986041,17370.941176470587
1788008342,20,GET,/projects [bot],0.125000,0.000000,18,18,18,18,18,18,18,18,18,18,18,1,0,17.926508000527974,17.926508000527974,17.926508000527974,17.926508000527974,17379.0
1788008342,20,GET,/projects/{id},0.875000,0.000000,9,9,12,12,12,12,12,12,12,12,12,8,0,9,9.524776000034763,6.99340699975437,12.582387000293238,1649.0
1788008342,20,GET,/projects/{id}/tasks [bot],0.500000,0.000000,17,17,18,18,18,18,18,18,18,18,18,5,0,17,17.26105620018643,13.754137999967497,19.83666300020559,20181.2
1788008342,20,GET,/projects/{id}/views/{view}/buckets/tasks [kanban],0.625000,0.000000,22,22,22,22,22,22,22,22,22,22,22,5,0,20,20.50321159986197,18.601945999762393,22.76642500055459,40120.6
1788008342,20,GET,/projects/{id}/views/{view}/tasks [list],0.500000,0.000000,22,24,25,26,31,31,31,31,31,31,31,9,0,22,21.81418033332092,14.957696000237775,30.55599599974812,20325.666666666668
1788008342,20,GET,/tasks [bot],0.250000,0.000000,30,30,160,160,160,160,160,160,160,160,160,3,0,30,73.59835499967933,27.56305699949735,163.26392399969336,79244.33333333333
1788008342,20,GET,/tasks [home],2.250000,0.000000,26,31,33,33,34,45,45,45,45,45,45,19,0,24,26.064406052587163,15.031994999844756,44.8293970002851,40265.15789473684
1788008342,20,GET,/tasks/{id},0.250000,0.000000,30,30,30,30,30,30,30,30,30,30,30,2,0,15.272396999534976,22.623064999606868,15.272396999534976,29.97373299967876,1222.0
1788008342,20,GET,/tasks/{id} [bot],1.375000,0.000000,17,17,18,18,23,57,57,57,57,57,57,18,0,17,29.508957000012337,15.307052000025578,118.91155400007847,930.9444444444445
1788008342,20,PATCH,/tasks/{id} [patch],0.000000,0.000000,27,27,27,27,27,27,27,27,27,27,27,1,0,26.752528000542952,26.752528000542952,26.752528000542952,26.752528000542952,791.0
1788008342,20,GET,/tasks/{id}/comments,0.250000,0.000000,8,8,8,8,8,8,8,8,8,8,8,2,0,7.336722000218288,7.694193000133964,7.336722000218288,8.051664000049641,137.0
1788008342,20,PUT,/tasks/{id}/read,0.250000,0.000000,2,2,2,2,2,2,2,2,2,2,2,2,0,1.1479250006232178,1.637323000068136,1.1479250006232178,2.1267209995130543,93.0
1788008342,20,GET,/user,2.125000,0.000000,3,6,6,7,7,7,7,7,7,7,7,17,0,7,15.823874470537275,2.5078779999603285,53.642600999410206,594.7058823529412
1788008342,20,WS,connect+auth+subscribe,2.125000,0.000000,3,4,4,4,4,4,4,4,4,4,4,17,0,4,4.406354006598978,2.181529998779297,8.179664611816406,0.0
1788008342,20,,Aggregated,24.375000,0.000000,17,23,29,31,57,140,160,160,160,160,160,217,0,18,55.78671629543523,0.6950150000193389,369.012326000302,8873.262672811059
1788008343,20,GET,/avatar/{username},2.800000,0.000000,2,2,3,3,3,5,5,5,5,5,5,31,0,2,1.9594788709582645,1.3023339997744188,4.926747999888903,277.0
1788008343,20,GET,/info,1.700000,0.000000,1,2,2,2,2,2,2,2,2,2,2,17,0,1,2.256086705850013,0.6950150000193389,6.604647999665758,851.0
1788008343,20,GET,/labels,1.700000,0.000000,35,42,49,49,57,57,57,57,57,57,57,17,0,41,38.41685141169899,18.131382999854395,56.93368899937923,2857.294117647059
1788008343,20,POST,/login,2.900000,0.000000,150,160,160,160,160,160,160,160,160,160,160,29,0,310,275.3323935172563,122.94386299981852,369.012326000302,381.0689655172414
1788008343,20,GET,/projects,1.700000,0.000000,41,87,110,120,120,120,120,120,120,120,120,17,0,50,71.47968788237503,27.641516000585398,124.89350099986041,17370.941176470587
1788008343,20,GET,/projects [bot],0.100000,0.000000,18,18,18,18,18,18,18,18,18,18,18,1,0,17.926508000527974,17.926508000527974,17.926508000527974,17.926508000527974,17379.0
1788008343,20,GET,/projects/{id},0.800000,0.000000,9,12,12,27,27,27,27,27,27,27,27,9,0,10,11.46773888892009,6.99340699975437,27.011442000002717,1649.4444444444443
1788008343,20,GET,/projects/{id}/tasks [bot],0.500000,0.000000,17,17,18,18,18,18,18,18,18,18,18,5,0,17,17.26105620018643,13.754137999967497,19.83666300020559,20181.2
1788008343,20,GET,/projects/{id}/views/{view}/buckets/tasks [kanban],0.500000,0.000000,22,22,22,22,22,22,22,22,22,22,22,5,0,20,20.50321159986197,18.601945999762393,22.76642500055459,40120.6
1788008343,20,GET,/projects/{id}/views/{view}/tasks [list],0.900000,0.000000,24,25,26,28,31,31,31,31,31,31,31,10,0,22,22.385515400037548,14.957696000237775,30.55599599974812,20308.1
1788008343,20,GET,/tasks [bot],0.200000,0.000000,30,30,160,160,160,160,160,160,160,160,160,3,0,30,73.59835499967933,27.56305699949735,163.26392399969336,79244.33333333333
1788008343,20,GET,/tasks [home],1.900000,0.000000,26,31,33,33,34,45,45,45,45,45,45,19,0,24,26.064406052587163,15.031994999844756,44.8293970002851,40265.15789473684
1788008343,20,GET,/tasks/{id},0.200000,0.000000,30,30,30,30,30,30,30,30,30,30,30,2,0,15.272396999534976,22.623064999606868,15.272396999534976,29.97373299967876,1222.0
1788008343,20,GET,/tasks/{id} [bot],1.600000,0.000000,17,17,17,18,19,23,23,23,23,23,23,21,0,17,27.6847352380996,15.307052000025578,118.91155400007847,923.6190476190476
1788008343,20,PATCH,/tasks/{id} [patch],0.100000,0.000000,27,27,27,27,27,27,27,27,27,27,27,1,0,26.752528000542952,26.752528000542952,26.752528000542952,26.752528000542952,791.0
1788008343,20,GET,/tasks/{id}/comments,0.200000,0.000000,8,8,8,8,8,8,8,8,8,8,8,2,0,7.336722000218288,7.694193000133964,7.336722000218288,8.051664000049641,137.0
1788008343,20,PUT,/tasks/{id}/read,0.200000,0.000000,2,2,2,2,2,2,2,2,2,2,2,2,0,1.1479250006232178,1.637323000068136,1.1479250006232178,2.1267209995130543,93.0
1788008343,20,GET,/user,1.700000,0.000000,3,6,6,7,7,7,7,7,7,7,7,17,0,7,15.823874470537275,2.5078779999603285,53.642600999410206,594.7058823529412
1788008343,20,WS,connect+auth+subscribe,1.700000,0.000000,3,4,4,4,4,4,4,4,4,4,4,17,0,4,4.406354006598978,2.181529998779297,8.179664611816406,0.0
1788008343,20,,Aggregated,21.400000,0.000000,17,19,23,26,28,30,45,45,45,45,45,225,0,18,54.30117486271128,0.6950150000193389,369.012326000302,8670.093333333334
1788008344,20,GET,/avatar/{username},2.800000,0.000000,3,3,3,3,3,3,3,3,3,3,3,34,0,2,2.0167963529649353,1.3023339997744188,4.926747999888903,277.0
1788008344,20,GET,/info,1.300000,0.000000,1,2,2,2,2,2,2,2,2,2,2,17,0,1,2.256086705850013,0.6950150000193389,6.604647999665758,851.0
1788008344,20,GET,/labels,1.700000,0.000000,35,42,49,49,57,57,57,57,57,57,57,17,0,41,38.41685141169899,18.131382999854395,56.93368899937923,2857.294117647059
1788008344,20,POST,/login,1.900000,0.000000,150,160,160,160,160,160,160,160,160,160,160,29,0,310,275.3323935172563,122.94386299981852,369.012326000302,381.0689655172414
1788008344,20,GET,/projects,1.700000,0.000000,41,87,110,120,120,120,120,120,120,120,120,17,0,50,71.47968788237503,27.641516000585398,124.89350099986041,17370.941176470587
1788008344,20,GET,/projects [bot],0.100000,0.000000,18,18,18,18,18,18,18,18,18,18,18,1,0,17.926508000527974,17.926508000527974,17.926508000527974,17.926508000527974,17379.0
1788008344,20,GET,/projects/{id},0.800000,0.000000,12,12,12,12,27,27,27,27,27,27,27,10,0,10,11.550015899956634,6.99340699975437,27.011442000002717,1648.8
1788008344,20,GET,/projects/{id}/tasks [bot],0.500000,0.000000,17,17,18,18,18,18,18,18,18,18,18,5,0,17,17.26105620018643,13.754137999967497,19.83666300020559,20181.2
1788008344,20,GET,/projects/{id}/views/{view}/buckets/tasks [kanban],0.500000,0.000000,22,22,22,22,22,22,22,22,22,22,22,5,0,20,20.50321159986197,18.601945999762393,22.76642500055459,40120.6
1788008344,20,GET,/projects/{id}/views/{view}/tasks [list],0.900000,0.000000,24,25,26,26,28,31,31,31,31,31,31,11,0,24,22.579002636369047,14.957696000237775,30.55599599974812,20333.545454545456
1788008344,20,GET,/tasks [bot],0.300000,0.000000,30,30,30,30,30,30,30,30,30,30,30,3,0,30,73.59835499967933,27.56305699949735,163.26392399969336,79244.33333333333
1788008344,20,GET,/tasks [home],1.900000,0.000000,45,45,45,45,45,45,45,45,45,45,45,19,0,24,26.064406052587163,15.031994999844756,44.8293970002851,40265.15789473684
1788008344,20,GET,/tasks/{id},0.200000,0.000000,30,30,30,30,30,30,30,30,30,30,30,2,0,15.272396999534976,22.623064999606868,15.272396999534976,29.97373299967876,1222.0
1788008344,20,GET,/tasks/{id} [bot],1.700000,0.000000,17,17,18,18,19,23,23,23,23,23,23,23,0,17,26.83016939135996,15.307052000025578,118.91155400007847,920.0
1788008344,20,PATCH,/tasks/{id} [patch],0.100000,0.000000,27,27,27,27,27,27,27,27,27,27,27,1,0,26.752528000542952,26.752528000542952,26.752528000542952,26.752528000542952,791.0
1788008344,20,GET,/tasks/{id}/comments,0.200000,0.000000,8,8,8,8,8,8,8,8,8,8,8,2,0,7.336722000218288,7.694193000133964,7.336722000218288,8.051664000049641,137.0
1788008344,20,PUT,/tasks/{id}/read,0.200000,0.000000,2,2,2,2,2,2,2,2,2,2,2,2,0,1.1479250006232178,1.637323000068136,1.1479250006232178,2.1267209995130543,93.0
1788008344,20,GET,/user,1.300000,0.000000,3,6,6,7,7,7,7,7,7,7,7,17,0,7,15.823874470537275,2.5078779999603285,53.642600999410206,594.7058823529412
1788008344,20,WS,connect+auth+subscribe,1.700000,0.000000,3,4,4,4,4,4,4,4,4,4,4,17,0,4,4.406354006598978,2.181529998779297,8.179664611816406,0.0
1788008344,20,,Aggregated,19.800000,0.000000,17,18,23,25,28,30,31,45,45,45,45,232,0,18,53.00909661685903,0.6950150000193389,369.012326000302,8515.504310344828
1788008345,20,GET,/avatar/{username},1.600000,0.000000,3,3,3,3,3,3,3,3,3,3,3,34,0,2,2.0167963529649353,1.3023339997744188,4.926747999888903,277.0
1788008345,20,GET,/info,0.500000,0.000000,1,2,2,2,2,2,2,2,2,2,2,17,0,1,2.256086705850013,0.6950150000193389,6.604647999665758,851.0
1788008345,20,GET,/labels,0.900000,0.000000,35,42,49,49,57,57,57,57,57,57,57,17,0,41,38.41685141169899,18.131382999854395,56.93368899937923,2857.294117647059
1788008345,20,POST,/login,0.500000,0.000000,150,160,160,160,160,160,160,160,160,160,160,29,0,310,275.3323935172563,122.94386299981852,369.012326000302,381.0689655172414
1788008345,20,GET,/projects,0.900000,0.000000,41,87,110,120,120,120,120,120,120,120,120,17,0,50,71.47968788237503,27.641516000585398,124.89350099986041,17370.941176470587
1788008345,20,GET,/projects [bot],0.100000,0.000000,18,18,18,18,18,18,18,18,18,18,18,1,0,17.926508000527974,17.926508000527974,17.926508000527974,17.926508000527974,17379.0
1788008345,20,GET,/projects/{id},0.400000,0.000000,12,12,12,12,27,27,27,27,27,27,27,10,0,10,11.550015899956634,6.99340699975437,27.011442000002717,1648.8
1788008345,20,GET,/projects/{id}/tasks [bot],0.500000,0.000000,18,18,20,20,20,20,20,20,20,20,20,6,0,17,17.643631500050105,13.754137999967497,19.83666300020559,23336.666666666668
1788008345,20,GET,/projects/{id}/views/{view}/buckets/tasks [kanban],0.100000,0.000000,22,22,22,22,22,22,22,22,22,22,22,5,0,20,20.50321159986197,18.601945999762393,22.76642500055459,40120.6
1788008345,20,GET,/projects/{id}/views/{view}/tasks [list],0.900000,0.000000,25,26,28,28,31,31,31,31,31,31,31,11,0,24,22.579002636369047,14.957696000237775,30.55599599974812,20333.545454545456
1788008345,20,GET,/tasks [bot],0.300000,0.000000,30,30,30,30,30,30,30,30,30,30,30,3,0,30,73.59835499967933,27.56305699949735,163.26392399969336,79244.33333333333
1788008345,20,GET,/tasks [home],1.100000,0.000000,45,45,45,45,45,45,45,45,45,45,45,19,0,24,26.064406052587163,15.031994999844756,44.8293970002851,40265.15789473684
1788008345,20,GET,/tasks/{id},0.200000,0.000000,30,30,30,30,30,30,30,30,30,30,30,2,0,15.272396999534976,22.623064999606868,15.272396999534976,29.97373299967876,1222.0
1788008345,20,GET,/tasks/{id} [bot],1.800000,0.000000,17,18,18,18,19,19,23,23,23,23,23,26,0,17,25.84844000008301,15.307052000025578,118.91155400007847,934.6153846153846
1788008345,20,PATCH,/tasks/{id} [patch],0.100000,0.000000,27,27,27,27,27,27,27,27,27,27,27,1,0,26.752528000542952,26.752528000542952,26.752528000542952,26.752528000542952,791.0
1788008345,20,GET,/tasks/{id}/comments,0.200000,0.000000,7,7,7,7,7,7,7,7,7,7,7,2,0,7.336722000218288,7.694193000133964,7.336722000218288,8.051664000049641,137.0
1788008345,20,PUT,/tasks/{id}/read,0.200000,0.000000,2,2,2,2,2,2,2,2,2,2,2,2,0,1.1479250006232178,1.637323000068136,1.1479250006232178,2.1267209995130543,93.0
1788008345,20,GET,/user,0.500000,0.000000,3,6,6,7,7,7,7,7,7,7,7,17,0,7,15.823874470537275,2.5078779999603285,53.642600999410206,594.7058823529412
1788008345,20,WS,connect+auth+subscribe,0.900000,0.000000,3,4,4,4,4,4,4,4,4,4,4,17,0,4,4.406354006598978,2.181529998779297,8.179664611816406,0.0
1788008345,20,,Aggregated,11.700000,0.000000,17,18,22,25,27,30,31,45,45,45,45,236,0,18,52.42640875894722,0.6950150000193389,369.012326000302,8550.216101694916
1788008346,20,GET,/avatar/{username},1.000000,0.000000,3,3,3,3,3,3,3,3,3,3,3,34,0,2,2.0167963529649353,1.3023339997744188,4.926747999888903,277.0
1788008346,20,GET,/info,0.000000,0.000000,1,2,2,2,2,2,2,2,2,2,2,17,0,1,2.256086705850013,0.6950150000193389,6.604647999665758,851.0
1788008346,20,GET,/labels,0.000000,0.000000,35,42,49,49,57,57,57,57,57,57,57,17,0,41,38.41685141169899,18.131382999854395,56.93368899937923,2857.294117647059
1788008346,20,POST,/login,0.000000,0.000000,150,160,160,160,160,160,160,160,160,160,160,29,0,310,275.3323935172563,122.94386299981852,369.012326000302,381.0689655172414
1788008346,20,GET,/projects,0.000000,0.000000,41,87,110,120,120,120,120,120,120,120,120,17,0,50,71.47968788237503,27.641516000585398,124.89350099986041,17370.941176470587
1788008346,20,GET,/projects [bot],0.100000,0.000000,18,18,18,18,18,18,18,18,18,18,18,1,0,17.926508000527974,17.926508000527974,17.926508000527974,17.926508000527974,17379.0
1788008346,20,GET,/projects/{id},0.200000,0.000000,12,12,27,27,27,27,27,27,27,27,27,10,0,10,11.550015899956634,6.99340699975437,27.011442000002717,1648.8
1788008346,20,GET,/projects/{id}/tasks [bot],0.500000,0.000000,17,17,20,20,20,20,20,20,20,20,20,6,0,17,17.643631500050105,13.754137999967497,19.83666300020559,23336.666666666668
1788008346,20,GET,/projects/{id}/views/{view}/buckets/tasks [kanban],0.000000,0.000000,22,22,22,22,22,22,22,22,22,22,22,5,0,20,20.50321159986197,18.601945999762393,22.76642500055459,40120.6
1788008346,20,GET,/projects/{id}/views/{view}/tasks [list],0.700000,0.000000,25,26,28,28,31,31,31,31,31,31,31,11,0,24,22.579002636369047,14.957696000237775,30.55599599974812,20333.545454545456
1788008346,20,GET,/tasks [bot],0.200000,0.000000,30,30,30,30,30,30,30,30,30,30,30,3,0,30,73.59835499967933,27.56305699949735,163.26392399969336,79244.33333333333
1788008346,20,GET,/tasks [home],0.200000,0.000000,45,45,45,45,45,45,45,45,45,45,45,19,0,24,26.064406052587163,15.031994999844756,44.8293970002851,40265.15789473684
1788008346,20,GET,/tasks/{id},0.100000,0.000000,30,30,30,30,30,30,30,30,30,30,30,2,0,15.272396999534976,22.623064999606868,15.272396999534976,29.97373299967876,1222.0
1788008346,20,GET,/tasks/{id} [bot],1.700000,0.000000,17,18,18,18,19,19,23,23,23,23,23,29,0,17,24.99595531044806,15.307052000025578,118.91155400007847,941.7241379310345
1788008346,20,PATCH,/tasks/{id} [patch],0.100000,0.000000,27,27,27,27,27,27,27,27,27,27,27,1,0,26.752528000542952,26.752528000542952,26.752528000542952,26.752528000542952,791.0
1788008346,20,GET,/tasks/{id}/comments,0.100000,0.000000,7,7,7,7,7,7,7,7,7,7,7,2,0,7.336722000218288,7.694193000133964,7.336722000218288,8.051664000049641,137.0
1788008346,20,PUT,/tasks/{id}/read,0.100000,0.000000,2,2,2,2,2,2,2,2,2,2,2,2,0,1.1479250006232178,1.637323000068136,1.1479250006232178,2.1267209995130543,93.0
1788008346,20,GET,/user,0.000000,0.000000,3,6,6,7,7,7,7,7,7,7,7,17,0,7,15.823874470537275,2.5078779999603285,53.642600999410206,594.7058823529412
1788008346,20,WS,connect+auth+subscribe,0.000000,0.000000,3,4,4,4,4,4,4,4,4,4,4,17,0,4,4.406354006598978,2.181529998779297,8.179664611816406,0.0
1788008346,20,,Aggregated,5.000000,0.000000,17,19,20,24,27,30,45,45,45,45,45,239,0,18,51.98935452348276,0.6950150000193389,369.012326000302,8455.485355648536
1788008347,20,GET,/avatar/{username},1.300000,0.000000,3,3,3,3,3,3,3,3,3,3,3,37,0,2,2.0378931621962693,1.3023339997744188,4.926747999888903,277.0
1788008347,20,GET,/info,0.000000,0.000000,1,2,2,2,2,2,2,2,2,2,2,17,0,1,2.256086705850013,0.6950150000193389,6.604647999665758,851.0
1788008347,20,GET,/labels,0.000000,0.000000,35,42,49,49,57,57,57,57,57,57,57,17,0,41,38.41685141169899,18.131382999854395,56.93368899937923,2857.294117647059
1788008347,20,POST,/login,0.000000,0.000000,150,160,160,160,160,160,160,160,160,160,160,29,0,310,275.3323935172563,122.94386299981852,369.012326000302,381.0689655172414
1788008347,20,GET,/projects,0.000000,0.000000,41,87,110,120,120,120,120,120,120,120,120,17,0,50,71.47968788237503,27.641516000585398,124.89350099986041,17370.941176470587
1788008347,20,GET,/projects [bot],0.100000,0.000000,18,18,18,18,18,18,18,18,18,18,18,1,0,17.926508000527974,17.926508000527974,17.926508000527974,17.926508000527974,17379.0
1788008347,20,GET,/projects/{id},0.300000,0.000000,12,12,27,27,27,27,27,27,27,27,27,11,0,10,11.428918999957784,6.99340699975437,27.011442000002717,1649.1818181818182
1788008347,20,GET,/projects/{id}/tasks [bot],0.400000,0.000000,17,17,20,20,20,20,20,20,20,20,20,6,0,17,17.643631500050105,13.754137999967497,19.83666300020559,23336.666666666668
1788008347,20,GET,/projects/{id}/views/{view}/buckets/tasks [kanban],0.000000,0.000000,22,22,22,22,22,22,22,22,22,22,22,5,0,20,20.50321159986197,18.601945999762393,22.76642500055459,40120.6
1788008347,20,GET,/projects/{id}/views/{view}/tasks [list],0.800000,0.000000,25,25,26,28,31,31,31,31,31,31,31,12,0,23,22.609973916663268,14.957696000237775,30.55599599974812,20306.583333333332
1788008347,20,GET,/tasks [bot],0.200000,0.000000,30,30,30,30,30,30,30,30,30,30,30,3,0,30,73.59835499967933,27.56305699949735,163.26392399969336,79244.33333333333
1788008347,20,GET,/tasks [home],0.200000,0.000000,45,45,45,45,45,45,45,45,45,45,45,19,0,24,26.064406052587163,15.031994999844756,44.8293970002851,40265.15789473684
1788008347,20,GET,/tasks/{id},0.100000,0.000000,30,30,30,30,30,30,30,30,30,30,30,2,0,15.272396999534976,22.623064999606868,15.272396999534976,29.97373299967876,1222.0
1788008347,20,GET,/tasks/{id} [bot],1.800000,0.000000,18,18,18,19,19,23,23,23,23,23,23,31,0,17,24.70277580652046,15.307052000025578,118.91155400007847,957.9032258064516
1788008347,20,PATCH,/tasks/{id} [patch],0.100000,0.000000,27,27,27,27,27,27,27,27,27,27,27,1,0,26.752528000542952,26.752528000542952,26.752528000542952,26.752528000542952,791.0
1788008347,20,GET,/tasks/{id}/comments,0.100000,0.000000,7,7,7,7,7,7,7,7,7,7,7,2,0,7.336722000218288,7.694193000133964,7.336722000218288,8.051664000049641,137.0
1788008347,20,POST,/tasks/{id}/labels [add],0.000000,0.000000,0,0,0,0,0,0,0,0,0,0,0,1,0,21.141725000234146,21.141725000234146,21.141725000234146,21.141725000234146,59.0
1788008347,20,PUT,/tasks/{id}/read,0.100000,0.000000,2,2,2,2,2,2,2,2,2,2,2,2,0,1.1479250006232178,1.637323000068136,1.1479250006232178,2.1267209995130543,93.0
1788008347,20,GET,/user,0.000000,0.000000,3,6,6,7,7,7,7,7,7,7,7,17,0,7,15.823874470537275,2.5078779999603285,53.642600999410206,594.7058823529412
1788008347,20,WS,connect+auth+subscribe,0.000000,0.000000,3,4,4,4,4,4,4,4,4,4,4,17,0,4,4.406354006598978,2.181529998779297,8.179664611816406,0.0
1788008347,20,,Aggregated,5.500000,0.000000,17,19,21,23,27,30,31,45,45,45,45,247,0,18,50.71862502474525,0.6950150000193389,369.012326000302,8282.587044534414
1788008348,20,GET,/avatar/{username},1.300000,0.000000,3,3,3,3,3,3,3,3,3,3,3,37,0,2,2.0378931621962693,1.3023339997744188,4.926747999888903,277.0
1788008348,20,GET,/info,0.000000,0.000000,1,2,2,2,2,2,2,2,2,2,2,17,0,1,2.256086705850013,0.6950150000193389,6.604647999665758,851.0
1788008348,20,GET,/labels,0.000000,0.000000,35,42,49,49,57,57,57,57,57,57,57,17,0,41,38.41685141169899,18.131382999854395,56.93368899937923,2857.294117647059
1788008348,20,POST,/login,0.000000,0.000000,150,160,160,160,160,160,160,160,160,160,160,29,0,310,275.3323935172563,122.94386299981852,369.012326000302,381.0689655172414
1788008348,20,GET,/projects,0.000000,0.000000,41,87,110,120,120,120,120,120,120,120,120,17,0,50,71.47968788237503,27.641516000585398,124.89350099986041,17370.941176470587
1788008348,20,GET,/projects [bot],0.000000,0.000000,18,18,18,18,18,18,18,18,18,18,18,1,0,17.926508000527974,17.926508000527974,17.926508000527974,17.926508000527974,17379.0
1788008348,20,GET,/projects/{id},0.300000,0.000000,12,12,27,27,27,27,27,27,27,27,27,11,0,10,11.428918999957784,6.99340699975437,27.011442000002717,1649.1818181818182
1788008348,20,GET,/projects/{id}/tasks [bot],0.300000,0.000000,19,19,20,20,20,20,20,20,20,20,20,7,0,18,17.907712571546394,13.754137999967497,19.83666300020559,25679.0
1788008348,20,GET,/projects/{id}/views/{view}/buckets/tasks [kanban],0.000000,0.000000,22,22,22,22,22,22,22,22,22,22,22,5,0,20,20.50321159986197,18.601945999762393,22.76642500055459,40120.6
1788008348,20,GET,/projects/{id}/views/{view}/tasks [list],0.800000,0.000000,25,26,28,28,31,31,31,31,31,31,31,12,0,23,22.609973916663268,14.957696000237775,30.55599599974812,20306.583333333332
1788008348,20,GET,/tasks [bot],0.100000,0.000000,30,30,30,30,30,30,30,30,30,30,30,3,0,30,73.59835499967933,27.56305699949735,163.26392399969336,79244.33333333333
1788008348,20,GET,/tasks [home],0.200000,0.000000,45,45,45,45,45,45,45,45,45,45,45,19,0,24,26.064406052587163,15.031994999844756,44.8293970002851,40265.15789473684
1788008348,20,GET,/tasks/{id},0.100000,0.000000,30,30,30,30,30,30,30,30,30,30,30,2,0,15.272396999534976,22.623064999606868,15.272396999534976,29.97373299967876,1222.0
1788008348,20,GET,/tasks/{id} [bot],2.300000,0.000000,17,18,18,19,19,23,23,23,23,23,23,32,0,17,24.459723437558978,15.307052000025578,118.91155400007847,955.46875
1788008348,20,PATCH,/tasks/{id} [patch],0.100000,0.000000,27,27,27,27,27,27,27,27,27,27,27,1,0,26.752528000542952,26.752528000542952,26.752528000542952,26.752528000542952,791.0
1788008348,20,GET,/tasks/{id}/comments,0.100000,0.000000,7,7,7,7,7,7,7,7,7,7,7,2,0,7.336722000218288,7.694193000133964,7.336722000218288,8.051664000049641,137.0
1788008348,20,POST,/tasks/{id}/labels [add],0.000000,0.000000,21,21,21,21,21,21,21,21,21,21,21,1,0,21.141725000234146,21.141725000234146,21.141725000234146,21.141725000234146,59.0
1788008348,20,PUT,/tasks/{id}/read,0.100000,0.000000,2,2,2,2,2,2,2,2,2,2,2,2,0,1.1479250006232178,1.637323000068136,1.1479250006232178,2.1267209995130543,93.0
1788008348,20,GET,/user,0.000000,0.000000,3,6,6,7,7,7,7,7,7,7,7,17,0,7,15.823874470537275,2.5078779999603285,53.642600999410206,594.7058823529412
1788008348,20,WS,connect+auth+subscribe,0.000000,0.000000,3,4,4,4,4,4,4,4,4,4,4,17,0,4,4.406354006598978,2.181529998779297,8.179664611816406,0.0
1788008348,20,,Aggregated,5.700000,0.000000,17,19,21,23,27,30,31,45,45,45,45,249,0,18,50.45750072334279,0.6950150000193389,369.012326000302,8379.164658634538
1788008349,20,GET,/avatar/{username},1.100000,0.000000,3,3,3,3,3,3,3,3,3,3,3,37,0,2,2.0378931621962693,1.3023339997744188,4.926747999888903,277.0
1788008349,20,GET,/info,0.000000,0.000000,1,2,2,2,2,2,2,2,2,2,2,17,0,1,2.256086705850013,0.6950150000193389,6.604647999665758,851.0
1788008349,20,GET,/labels,0.000000,0.000000,35,42,49,49,57,57,57,57,57,57,57,17,0,41,38.41685141169899,18.131382999854395,56.93368899937923,2857.294117647059
1788008349,20,POST,/login,0.000000,0.000000,150,160,160,160,160,160,160,160,160,160,160,29,0,310,275.3323935172563,122.94386299981852,369.012326000302,381.0689655172414
1788008349,20,GET,/projects,0.000000,0.000000,41,87,110,120,120,120,120,120,120,120,120,17,0,50,71.47968788237503,27.641516000585398,124.89350099986041,17370.941176470587
1788008349,20,GET,/projects [bot],0.000000,0.000000,18,18,18,18,18,18,18,18,18,18,18,1,0,17.926508000527974,17.926508000527974,17.926508000527974,17.926508000527974,17379.0
1788008349,20,GET,/projects/{id},0.300000,0.000000,12,12,27,27,27,27,27,27,27,27,27,11,0,10,11.428918999957784,6.99340699975437,27.011442000002717,1649.1818181818182
1788008349,20,GET,/projects/{id}/tasks [bot],0.300000,0.000000,20,20,25,25,25,25,25,25,25,25,25,8,0,18,18.747189750115467,13.754137999967497,24.62353000009898,27341.625
1788008349,20,GET,/projects/{id}/views/{view}/buckets/tasks [kanban],0.000000,0.000000,22,22,22,22,22,22,22,22,22,22,22,5,0,20,20.50321159986197,18.601945999762393,22.76642500055459,40120.6
1788008349,20,GET,/projects/{id}/views/{view}/tasks [list],0.800000,0.000000,26,26,28,28,31,31,31,31,31,31,31,12,0,23,22.609973916663268,14.957696000237775,30.55599599974812,20306.583333333332
1788008349,20,GET,/tasks [bot],0.100000,0.000000,30,30,30,30,30,30,30,30,30,30,30,3,0,30,73.59835499967933,27.56305699949735,163.26392399969336,79244.33333333333
1788008349,20,GET,/tasks [home],0.100000,0.000000,45,45,45,45,45,45,45,45,45,45,45,19,0,24,26.064406052587163,15.031994999844756,44.8293970002851,40265.15789473684
1788008349,20,GET,/tasks/{id},0.000000,0.000000,30,30,30,30,30,30,30,30,30,30,30,2,0,15.272396999534976,22.623064999606868,15.272396999534976,29.97373299967876,1222.0
1788008349,20,GET,/tasks/{id} [bot],2.200000,0.000000,18,18,19,19,23,23,23,23,23,23,23,33,0,17,24.256465212188644,15.307052000025578,118.91155400007847,962.8181818181819
1788008349,20,PATCH,/tasks/{id} [patch],0.100000,0.000000,27,27,27,27,27,27,27,27,27,27,27,1,0,26.752528000542952,26.752528000542952,26.752528000542952,26.752528000542952,791.0
1788008349,20,GET,/tasks/{id}/comments,0.000000,0.000000,7,7,7,7,7,7,7,7,7,7,7,2,0,7.336722000218288,7.694193000133964,7.336722000218288,8.051664000049641,137.0
1788008349,20,POST,/tasks/{id}/labels [add],0.100000,0.000000,21,21,21,21,21,21,21,21,21,21,21,1,0,21.141725000234146,21.141725000234146,21.141725000234146,21.141725000234146,59.0
1788008349,20,PUT,/tasks/{id}/read,0.000000,0.000000,2,2,2,2,2,2,2,2,2,2,2,2,0,1.1479250006232178,1.637323000068136,1.1479250006232178,2.1267209995130543,93.0
1788008349,20,GET,/user,0.000000,0.000000,3,6,6,7,7,7,7,7,7,7,7,17,0,7,15.823874470537275,2.5078779999603285,53.642600999410206,594.7058823529412
1788008349,20,WS,connect+auth+subscribe,0.000000,0.000000,3,4,4,4,4,4,4,4,4,4,4,17,0,4,4.406354006598978,2.181529998779297,8.179664611816406,0.0
1788008349,20,,Aggregated,5.100000,0.000000,18,19,23,23,27,30,45,45,45,45,45,251,0,18,50.224276542282034,0.6950150000193389,369.012326000302,8472.470119521913
1788008350,20,GET,/avatar/{username},1.100000,0.000000,3,3,3,3,3,3,3,3,3,3,3,37,0,2,2.0378931621962693,1.3023339997744188,4.926747999888903,277.0
1788008350,20,GET,/info,0.000000,0.000000,1,2,2,2,2,2,2,2,2,2,2,17,0,1,2.256086705850013,0.6950150000193389,6.604647999665758,851.0
1788008350,20,GET,/labels,0.000000,0.000000,35,42,49,49,57,57,57,57,57,57,57,17,0,41,38.41685141169899,18.131382999854395,56.93368899937923,2857.294117647059
1788008350,20,POST,/login,0.000000,0.000000,150,160,160,160,160,160,160,160,160,160,160,29,0,310,275.3323935172563,122.94386299981852,369.012326000302,381.0689655172414
1788008350,20,GET,/projects,0.000000,0.000000,41,87,110,120,120,120,120,120,120,120,120,17,0,50,71.47968788237503,27.641516000585398,124.89350099986041,17370.941176470587
1788008350,20,GET,/projects [bot],0.000000,0.000000,18,18,18,18,18,18,18,18,18,18,18,1,0,17.926508000527974,17.926508000527974,17.926508000527974,17.926508000527974,17379.0
1788008350,20,GET,/projects/{id},0.300000,0.000000,12,12,27,27,27,27,27,27,27,27,27,11,0,10,11.428918999957784,6.99340699975437,27.011442000002717,1649.1818181818182
1788008350,20,GET,/projects/{id}/tasks [bot],0.300000,0.000000,20,21,21,25,25,25,25,25,25,25,25,9,0,19,19.00641722234771,13.754137999967497,24.62353000009898,28800.666666666668
1788008350,20,GET,/projects/{id}/views/{view}/buckets/tasks [kanban],0.000000,0.000000,22,22,22,22,22,22,22,22,22,22,22,5,0,20,20.50321159986197,18.601945999762393,22.76642500055459,40120.6
1788008350,20,GET,/projects/{id}/views/{view}/tasks [list],0.800000,0.000000,26,26,28,28,31,31,31,31,31,31,31,12,0,23,22.609973916663268,14.957696000237775,30.55599599974812,20306.583333333332
1788008350,20,GET,/tasks [bot],0.100000,0.000000,30,30,30,30,30,30,30,30,30,30,30,3,0,30,73.59835499967933,27.56305699949735,163.26392399969336,79244.33333333333
1788008350,20,GET,/tasks [home],0.100000,0.000000,45,45,45,45,45,45,45,45,45,45,45,19,0,24,26.064406052587163,15.031994999844756,44.8293970002851,40265.15789473684
1788008350,20,GET,/tasks/{id},0.000000,0.000000,30,30,30,30,30,30,30,30,30,30,30,2,0,15.272396999534976,22.623064999606868,15.272396999534976,29.97373299967876,1222.0
1788008350,20,GET,/tasks/{id} [bot],2.200000,0.000000,18,18,18,19,21,23,23,23,23,23,23,35,0,17,23.945899485780892,15.307052000025578,118.91155400007847,961.6
1788008350,20,PATCH,/tasks/{id} [patch],0.100000,0.000000,27,27,27,27,27,27,27,27,27,27,27,1,0,26.752528000542952,26.752528000542952,26.752528000542952,26.752528000542952,791.0
1788008350,20,GET,/tasks/{id}/comments,0.000000,0.000000,7,7,7,7,7,7,7,7,7,7,7,2,0,7.336722000218288,7.694193000133964,7.336722000218288,8.051664000049641,137.0
1788008350,20,POST,/tasks/{id}/labels [add],0.100000,0.000000,21,21,21,21,21,21,21,21,21,21,21,1,0,21.141725000234146,21.141725000234146,21.141725000234146,21.141725000234146,59.0
1788008350,20,PUT,/tasks/{id}/read,0.000000,0.000000,2,2,2,2,2,2,2,2,2,2,2,2,0,1.1479250006232178,1.637323000068136,1.1479250006232178,2.1267209995130543,93.0
1788008350,20,GET,/user,0.000000,0.000000,3,6,6,7,7,7,7,7,7,7,7,17,0,7,15.823874470537275,2.5078779999603285,53.642600999410206,594.7058823529412
1788008350,20,WS,connect+auth+subscribe,0.000000,0.000000,3,4,4,4,4,4,4,4,4,4,4,17,0,4,4.406354006598978,2.181529998779297,8.179664611816406,0.0
1788008350,20,,Aggregated,5.100000,0.000000,18,19,21,21,25,28,30,30,30,30,30,254,0,18,49.86227078390985,0.6950150000193389,369.012326000302,8539.157480314962
1788008351,20,GET,/avatar/{username},1.400000,0.000000,3,3,3,3,3,3,3,3,3,3,3,37,0,2,2.0378931621962693,1.3023339997744188,4.926747999888903,277.0
1788008351,20,GET,/info,0.000000,0.000000,0,0,0,0,0,0,0,0,0,0,0,17,0,1,2.256086705850013,0.6950150000193389,6.604647999665758,851.0
1788008351,20,GET,/labels,0.000000,0.000000,0,0,0,0,0,0,0,0,0,0,0,17,0,41,38.41685141169899,18.131382999854395,56.93368899937923,2857.294117647059
1788008351,20,POST,/login,0.000000,0.000000,0,0,0,0,0,0,0,0,0,0,0,29,0,310,275.3323935172563,122.94386299981852,369.012326000302,381.0689655172414
1788008351,20,GET,/projects,0.000000,0.000000,0,0,0,0,0,0,0,0,0,0,0,17,0,50,71.47968788237503,27.641516000585398,124.89350099986041,17370.941176470587
1788008351,20,GET,/projects [bot],0.000000,0.000000,18,18,18,18,18,18,18,18,18,18,18,1,0,17.926508000527974,17.926508000527974,17.926508000527974,17.926508000527974,17379.0
1788008351,20,GET,/projects/{id},0.400000,0.000000,12,12,27,27,27,27,27,27,27,27,27,11,0,10,11.428918999957784,6.99340699975437,27.011442000002717,1649.1818181818182
1788008351,20,GET,/projects/{id}/tasks [bot],0.300000,0.000000,20,21,21,25,25,25,25,25,25,25,25,9,0,19,19.00641722234771,13.754137999967497,24.62353000009898,28800.666666666668
1788008351,20,GET,/projects/{id}/views/{view}/buckets/tasks [kanban],0.000000,0.000000,0,0,0,0,0,0,0,0,0,0,0,5,0,20,20.50321159986197,18.601945999762393,22.76642500055459,40120.6
1788008351,20,GET,/projects/{id}/views/{view}/tasks [list],0.800000,0.000000,25,25,28,28,28,28,28,28,28,28,28,12,0,23,22.609973916663268,14.957696000237775,30.55599599974812,20306.583333333332
1788008351,20,GET,/tasks [bot],0.100000,0.000000,30,30,30,30,30,30,30,30,30,30,30,3,0,30,73.59835499967933,27.56305699949735,163.26392399969336,79244.33333333333
1788008351,20,GET,/tasks [home],0.100000,0.000000,45,45,45,45,45,45,45,45,45,45,45,19,0,24,26.064406052587163,15.031994999844756,44.8293970002851,40265.15789473684
1788008351,20,GET,/tasks/{id},0.000000,0.000000,30,30,30,30,30,30,30,30,30,30,30,2,0,15.272396999534976,22.623064999606868,15.272396999534976,29.97373299967876,1222.0
1788008351,20,GET,/tasks/{id} [bot],2.200000,0.000000,18,18,18,19,21,23,23,23,23,23,23,38,0,17,23.30308623688899,13.011684000048263,118.91155400007847,955.1578947368421
1788008351,20,PATCH,/tasks/{id} [patch],0.100000,0.000000,27,27,27,27,27,27,27,27,27,27,27,1,0,26.752528000542952,26.752528000542952,26.752528000542952,26.752528000542952,791.0
1788008351,20,GET,/tasks/{id}/comments,0.000000,0.000000,7,7,7,7,7,7,7,7,7,7,7,2,0,7.336722000218288,7.694193000133964,7.336722000218288,8.051664000049641,137.0
1788008351,20,POST,/tasks/{id}/labels [add],0.100000,0.000000,21,21,21,21,21,21,21,21,21,21,21,1,0,21.141725000234146,21.141725000234146,21.141725000234146,21.141725000234146,59.0
1788008351,20,PUT,/tasks/{id}/read,0.000000,0.000000,2,2,2,2,2,2,2,2,2,2,2,2,0,1.1479250006232178,1.637323000068136,1.1479250006232178,2.1267209995130543,93.0
1788008351,20,GET,/user,0.000000,0.000000,0,0,0,0,0,0,0,0,0,0,0,17,0,7,15.823874470537275,2.5078779999603285,53.642600999410206,594.7058823529412
1788008351,20,WS,connect+auth+subscribe,0.000000,0.000000,0,0,0,0,0,0,0,0,0,0,0,17,0,4,4.406354006598978,2.181529998779297,8.179664611816406,0.0
1788008351,20,,Aggregated,5.500000,0.000000,17,18,20,21,25,27,28,28,28,28,28,257,0,18,49.46469873195546,0.6950150000193389,369.012326000302,8449.750972762646
1788008352,20,GET,/avatar/{username},1.100000,0.000000,2,3,3,3,3,3,3,3,3,3,3,40,0,2,2.0485095000367437,1.3023339997744188,4.926747999888903,277.0
1788008352,20,GET,/info,0.000000,0.000000,0,0,0,0,0,0,0,0,0,0,0,17,0,1,2.256086705850013,0.6950150000193389,6.604647999665758,851.0
1788008352,20,GET,/labels,0.000000,0.000000,0,0,0,0,0,0,0,0,0,0,0,17,0,41,38.41685141169899,18.131382999854395,56.93368899937923,2857.294117647059
1788008352,20,POST,/login,0.000000,0.000000,0,0,0,0,0,0,0,0,0,0,0,29,0,310,275.3323935172563,122.94386299981852,369.012326000302,381.0689655172414
1788008352,20,GET,/projects,0.000000,0.000000,0,0,0,0,0,0,0,0,0,0,0,17,0,50,71.47968788237503,27.641516000585398,124.89350099986041,17370.941176470587
1788008352,20,GET,/projects [bot],0.000000,0.000000,18,18,18,18,18,18,18,18,18,18,18,1,0,17.926508000527974,17.926508000527974,17.926508000527974,17.926508000527974,17379.0
1788008352,20,GET,/projects/{id},0.300000,0.000000,12,12,27,27,27,27,27,27,27,27,27,12,0,10,11.439599416614024,6.99340699975437,27.011442000002717,1649.5
1788008352,20,GET,/projects/{id}/tasks [bot],0.500000,0.000000,21,21,25,25,25,25,25,25,25,25,25,9,0,19,19.00641722234771,13.754137999967497,24.62353000009898,28800.666666666668
1788008352,20,GET,/projects/{id}/views/{view}/buckets/tasks [kanban],0.000000,0.000000,0,0,0,0,0,0,0,0,0,0,0,5,0,20,20.50321159986197,18.601945999762393,22.76642500055459,40120.6
1788008352,20,GET,/projects/{id}/views/{view}/tasks [list],0.600000,0.000000,25,25,28,28,28,28,28,28,28,28,28,13,0,23,22.639070461501923,14.957696000237775,30.55599599974812,20369.53846153846
1788008352,20,GET,/tasks [bot],0.100000,0.000000,30,30,30,30,30,30,30,30,30,30,30,3,0,30,73.59835499967933,27.56305699949735,163.26392399969336,79244.33333333333
1788008352,20,GET,/tasks [home],0.100000,0.000000,45,45,45,45,45,45,45,45,45,45,45,19,0,24,26.064406052587163,15.031994999844756,44.8293970002851,40265.15789473684
1788008352,20,GET,/tasks/{id},0.000000,0.000000,30,30,30,30,30,30,30,30,30,30,30,3,0,23,22.8423096662785,15.272396999534976,29.97373299967876,1187.3333333333333
1788008352,20,GET,/tasks/{id} [bot],2.100000,0.000000,17,18,18,18,19,21,23,23,23,23,23,41,0,17,22.722764390315074,11.723516000529344,118.91155400007847,950.9024390243902
1788008352,20,PATCH,/tasks/{id} [patch],0.100000,0.000000,27,27,27,27,27,27,27,27,27,27,27,1,0,26.752528000542952,26.752528000542952,26.752528000542952,26.752528000542952,791.0
1788008352,20,GET,/tasks/{id}/comments,0.000000,0.000000,8,8,8,8,8,8,8,8,8,8,8,3,0,8,7.814769666462477,7.336722000218288,8.055922999119502,137.0
1788008352,20,POST,/tasks/{id}/labels [add],0.100000,0.000000,21,21,21,21,21,21,21,21,21,21,21,1,0,21.141725000234146,21.141725000234146,21.141725000234146,21.141725000234146,59.0
1788008352,20,PUT,/tasks/{id}/read,0.000000,0.000000,2,2,2,2,2,2,2,2,2,2,2,3,0,2,1.7636603333812673,1.1479250006232178,2.1267209995130543,93.0
1788008352,20,GET,/user,0.000000,0.000000,0,0,0,0,0,0,0,0,0,0,0,17,0,7,15.823874470537275,2.5078779999603285,53.642600999410206,594.7058823529412
1788008352,20,WS,connect+auth+subscribe,0.000000,0.000000,0,0,0,0,0,0,0,0,0,0,0,17,0,4,4.406354006598978,2.181529998779297,8.179664611816406,0.0
1788008352,20,,Aggregated,5.000000,0.000000,17,18,19,21,23,25,28,28,28,28,28,268,0,17,47.88425500041808,0.6950150000193389,369.012326000302,8206.097014925374
1788008353,20,GET,/avatar/{username},0.900000,0.000000,2,3,3,3,3,3,3,3,3,3,3,42,0,2,2.063452095301597,1.3023339997744188,4.926747999888903,277.0
1788008353,20,GET,/info,0.000000,0.000000,0,0,0,0,0,0,0,0,0,0,0,17,0,1,2.256086705850013,0.6950150000193389,6.604647999665758,851.0
1788008353,20,GET,/labels,0.000000,0.000000,0,0,0,0,0,0,0,0,0,0,0,17,0,41,38.41685141169899,18.131382999854395,56.93368899937923,2857.294117647059
1788008353,20,POST,/login,0.000000,0.000000,0,0,0,0,0,0,0,0,0,0,0,29,0,310,275.3323935172563,122.94386299981852,369.012326000302,381.0689655172414
1788008353,20,GET,/projects,0.000000,0.000000,0,0,0,0,0,0,0,0,0,0,0,17,0,50,71.47968788237503,27.641516000585398,124.89350099986041,17370.941176470587
1788008353,20,GET,/projects [bot],0.000000,0.000000,18,18,18,18,18,18,18,18,18,18,18,1,0,17.926508000527974,17.926508000527974,17.926508000527974,17.926508000527974,17379.0
1788008353,20,GET,/projects/{id},0.300000,0.000000,12,12,12,12,12,12,12,12,12,12,12,12,0,10,11.439599416614024,6.99340699975437,27.011442000002717,1649.5
1788008353,20,GET,/projects/{id}/tasks [bot],0.400000,0.000000,20,21,21,25,25,25,25,25,25,25,25,10,0,18,18.93007890012086,13.754137999967497,24.62353000009898,27557.5
1788008353,20,GET,/projects/{id}/views/{view}/buckets/tasks [kanban],0.000000,0.000000,0,0,0,0,0,0,0,0,0,0,0,5,0,20,20.50321159986197,18.601945999762393,22.76642500055459,40120.6
1788008353,20,GET,/projects/{id}/views/{view}/tasks [list],0.300000,0.000000,23,23,25,25,25,25,25,25,25,25,25,13,0,23,22.639070461501923,14.957696000237775,30.55599599974812,20369.53846153846
1788008353,20,GET,/tasks [bot],0.100000,0.000000,30,30,30,30,30,30,30,30,30,30,30,3,0,30,73.59835499967933,27.56305699949735,163.26392399969336,79244.33333333333
1788008353,20,GET,/tasks [home],0.000000,0.000000,45,45,45,45,45,45,45,45,45,45,45,20,0,24,26.07908949994453,15.031994999844756,44.8293970002851,39874.65
1788008353,20,GET,/tasks/{id},0.000000,0.000000,23,23,23,23,23,23,23,23,23,23,23,3,0,23,22.8423096662785,15.272396999534976,29.97373299967876,1187.3333333333333
1788008353,20,GET,/tasks/{id} [bot],2.100000,0.000000,18,18,18,18,19,21,23,23,23,23,23,42,0,17,22.61970828578255,11.723516000529344,118.91155400007847,955.0952380952381
1788008353,20,PATCH,/tasks/{id} [patch],0.000000,0.000000,27,27,27,27,27,27,27,27,27,27,27,1,0,26.752528000542952,26.752528000542952,26.752528000542952,26.752528000542952,791.0
1788008353,20,GET,/tasks/{id}/comments,0.000000,0.000000,8,8,8,8,8,8,8,8,8,8,8,3,0,8,7.814769666462477,7.336722000218288,8.055922999119502,137.0
1788008353,20,POST,/tasks/{id}/labels [add],0.100000,0.000000,21,21,21,21,21,21,21,21,21,21,21,1,0,21.141725000234146,21.141725000234146,21.141725000234146,21.141725000234146,59.0
1788008353,20,PUT,/tasks/{id}/read,0.000000,0.000000,2,2,2,2,2,2,2,2,2,2,2,3,0,2,1.7636603333812673,1.1479250006232178,2.1267209995130543,93.0
1788008353,20,GET,/user,0.000000,0.000000,0,0,0,0,0,0,0,0,0,0,0,17,0,7,15.823874470537275,2.5078779999603285,53.642600999410206,594.7058823529412
1788008353,20,WS,connect+auth+subscribe,0.000000,0.000000,0,0,0,0,0,0,0,0,0,0,0,17,0,4,4.406354006598978,2.181529998779297,8.179664611816406,0.0
1788008353,20,,Aggregated,4.200000,0.000000,17,18,19,21,23,25,26,26,26,26,26,273,0,17,47.255313059021994,0.6950150000193389,369.012326000302,8240.802197802197
1788008354,20,GET,/avatar/{username},1.200000,0.000000,2,3,3,3,3,3,3,3,3,3,3,42,0,2,2.063452095301597,1.3023339997744188,4.926747999888903,277.0
1788008354,20,GET,/info,0.000000,0.000000,0,0,0,0,0,0,0,0,0,0,0,17,0,1,2.256086705850013,0.6950150000193389,6.604647999665758,851.0
1788008354,20,GET,/labels,0.000000,0.000000,0,0,0,0,0,0,0,0,0,0,0,17,0,41,38.41685141169899,18.131382999854395,56.93368899937923,2857.294117647059
1788008354,20,POST,/login,0.000000,0.000000,0,0,0,0,0,0,0,0,0,0,0,29,0,310,275.3323935172563,122.94386299981852,369.012326000302,381.0689655172414
1788008354,20,GET,/projects,0.000000,0.000000,0,0,0,0,0,0,0,0,0,0,0,17,0,50,71.47968788237503,27.641516000585398,124.89350099986041,17370.941176470587
1788008354,20,GET,/projects [bot],0.000000,0.000000,0,0,0,0,0,0,0,0,0,0,0,1,0,17.926508000527974,17.926508000527974,17.926508000527974,17.926508000527974,17379.0
1788008354,20,GET,/projects/{id},0.400000,0.000000,12,12,12,12,12,12,12,12,12,12,12,12,0,10,11.439599416614024,6.99340699975437,27.011442000002717,1649.5
1788008354,20,GET,/projects/{id}/tasks [bot],0.400000,0.000000,20,20,21,21,25,25,25,25,25,25,25,11,0,18,18.80225109107414,13.754137999967497,24.62353000009898,26546.18181818182
1788008354,20,GET,/projects/{id}/views/{view}/buckets/tasks [kanban],0.000000,0.000000,0,0,0,0,0,0,0,0,0,0,0,5,0,20,20.50321159986197,18.601945999762393,22.76642500055459,40120.6
1788008354,20,GET,/projects/{id}/views/{view}/tasks [list],0.400000,0.000000,23,23,25,25,25,25,25,25,25,25,25,13,0,23,22.639070461501923,14.957696000237775,30.55599599974812,20369.53846153846
1788008354,20,GET,/tasks [bot],0.000000,0.000000,30,30,30,30,30,30,30,30,30,30,30,3,0,30,73.59835499967933,27.56305699949735,163.26392399969336,79244.33333333333
1788008354,20,GET,/tasks [home],0.000000,0.000000,45,45,45,45,45,45,45,45,45,45,45,20,0,24,26.07908949994453,15.031994999844756,44.8293970002851,39874.65
1788008354,20,GET,/tasks/{id},0.100000,0.000000,23,23,23,23,23,23,23,23,23,23,23,3,0,23,22.8423096662785,15.272396999534976,29.97373299967876,1187.3333333333333
1788008354,20,GET,/tasks/{id} [bot],2.100000,0.000000,17,18,18,19,19,21,23,23,23,23,23,44,0,17,22.405634681883217,11.723516000529344,118.91155400007847,958.7272727272727
1788008354,20,PATCH,/tasks/{id} [patch],0.000000,0.000000,27,27,27,27,27,27,27,27,27,27,27,1,0,26.752528000542952,26.752528000542952,26.752528000542952,26.752528000542952,791.0
1788008354,20,GET,/tasks/{id}/comments,0.100000,0.000000,8,8,8,8,8,8,8,8,8,8,8,3,0,8,7.814769666462477,7.336722000218288,8.055922999119502,137.0
1788008354,20,POST,/tasks/{id}/labels [add],0.100000,0.000000,21,21,21,21,21,21,21,21,21,21,21,1,0,21.141725000234146,21.141725000234146,21.141725000234146,21.141725000234146,59.0
1788008354,20,PUT,/tasks/{id}/read,0.100000,0.000000,2,2,2,2,2,2,2,2,2,2,2,3,0,2,1.7636603333812673,1.1479250006232178,2.1267209995130543,93.0
1788008354,20,GET,/user,0.000000,0.000000,0,0,0,0,0,0,0,0,0,0,0,17,0,7,15.823874470537275,2.5078779999603285,53.642600999410206,594.7058823529412
1788008354,20,WS,connect+auth+subscribe,0.000000,0.000000,0,0,0,0,0,0,0,0,0,0,0,17,0,4,4.406354006598978,2.181529998779297,8.179664611816406,0.0
1788008354,20,,Aggregated,4.900000,0.000000,17,18,19,21,23,23,26,26,26,26,26,276,0,17,46.93494426128118,0.6950150000193389,369.012326000302,8218.268115942028
1788008355,20,GET,/avatar/{username},1.200000,0.000000,2,2,2,2,3,3,3,3,3,3,3,42,0,2,2.063452095301597,1.3023339997744188,4.926747999888903,277.0
1788008355,20,GET,/info,0.000000,0.000000,0,0,0,0,0,0,0,0,0,0,0,17,0,1,2.256086705850013,0.6950150000193389,6.604647999665758,851.0
1788008355,20,GET,/labels,0.000000,0.000000,0,0,0,0,0,0,0,0,0,0,0,17,0,41,38.41685141169899,18.131382999854395,56.93368899937923,2857.294117647059
1788008355,20,POST,/login,0.000000,0.000000,0,0,0,0,0,0,0,0,0,0,0,29,0,310,275.3323935172563,122.94386299981852,369.012326000302,381.0689655172414
1788008355,20,GET,/projects,0.000000,0.000000,0,0,0,0,0,0,0,0,0,0,0,17,0,50,71.47968788237503,27.641516000585398,124.89350099986041,17370.941176470587
1788008355,20,GET,/projects [bot],0.000000,0.000000,0,0,0,0,0,0,0,0,0,0,0,1,0,17.926508000527974,17.926508000527974,17.926508000527974,17.926508000527974,17379.0
1788008355,20,GET,/projects/{id},0.400000,0.000000,12,12,12,12,12,12,12,12,12,12,12,12,0,10,11.439599416614024,6.99340699975437,27.011442000002717,1649.5
1788008355,20,GET,/projects/{id}/tasks [bot],0.400000,0.000000,19,21,21,25,25,25,25,25,25,25,25,11,0,18,18.80225109107414,13.754137999967497,24.62353000009898,26546.18181818182
1788008355,20,GET,/projects/{id}/views/{view}/buckets/tasks [kanban],0.000000,0.000000,0,0,0,0,0,0,0,0,0,0,0,5,0,20,20.50321159986197,18.601945999762393,22.76642500055459,40120.6
1788008355,20,GET,/projects/{id}/views/{view}/tasks [list],0.400000,0.000000,23,23,23,23,23,23,23,23,23,23,23,13,0,23,22.639070461501923,14.957696000237775,30.55599599974812,20369.53846153846
1788008355,20,GET,/tasks [bot],0.000000,0.000000,30,30,30,30,30,30,30,30,30,30,30,3,0,30,73.59835499967933,27.56305699949735,163.26392399969336,79244.33333333333
1788008355,20,GET,/tasks [home],0.000000,0.000000,45,45,45,45,45,45,45,45,45,45,45,20,0,24,26.07908949994453,15.031994999844756,44.8293970002851,39874.65
1788008355,20,GET,/tasks/{id},0.100000,0.000000,23,23,23,23,23,23,23,23,23,23,23,3,0,23,22.8423096662785,15.272396999534976,29.97373299967876,1187.3333333333333
1788008355,20,GET,/tasks/{id} [bot],2.100000,0.000000,17,18,18,18,21,23,23,23,23,23,23,47,0,17,22.064152191539524,11.723516000529344,118.91155400007847,967.1489361702128
1788008355,20,PATCH,/tasks/{id} [patch],0.000000,0.000000,27,27,27,27,27,27,27,27,27,27,27,1,0,26.752528000542952,26.752528000542952,26.752528000542952,26.752528000542952,791.0
1788008355,20,GET,/tasks/{id}/comments,0.100000,0.000000,8,8,8,8,8,8,8,8,8,8,8,3,0,8,7.814769666462477,7.336722000218288,8.055922999119502,137.0
1788008355,20,POST,/tasks/{id}/labels [add],0.100000,0.000000,21,21,21,21,21,21,21,21,21,21,21,1,0,21.141725000234146,21.141725000234146,21.141725000234146,21.141725000234146,59.0
1788008355,20,PUT,/tasks/{id}/read,0.100000,0.000000,2,2,2,2,2,2,2,2,2,2,2,3,0,2,1.7636603333812673,1.1479250006232178,2.1267209995130543,93.0
1788008355,20,GET,/user,0.000000,0.000000,0,0,0,0,0,0,0,0,0,0,0,17,0,7,15.823874470537275,2.5078779999603285,53.642600999410206,594.7058823529412
1788008355,20,WS,connect+auth+subscribe,0.000000,0.000000,0,0,0,0,0,0,0,0,0,0,0,17,0,4,4.406354006598978,2.181529998779297,8.179664611816406,0.0
1788008355,20,,Aggregated,4.900000,0.000000,17,18,19,21,23,23,26,26,26,26,26,279,0,18,46.613662520118645,0.6950150000193389,369.012326000302,8141.627240143369
1788008356,20,GET,/avatar/{username},1.100000,0.000000,2,2,2,2,3,3,3,3,3,3,3,42,0,2,2.063452095301597,1.3023339997744188,4.926747999888903,277.0
1788008356,20,GET,/info,0.000000,0.000000,0,0,0,0,0,0,0,0,0,0,0,17,0,1,2.256086705850013,0.6950150000193389,6.604647999665758,851.0
1788008356,20,GET,/labels,0.000000,0.000000,0,0,0,0,0,0,0,0,0,0,0,17,0,41,38.41685141169899,18.131382999854395,56.93368899937923,2857.294117647059
1788008356,20,POST,/login,0.000000,0.000000,0,0,0,0,0,0,0,0,0,0,0,29,0,310,275.3323935172563,122.94386299981852,369.012326000302,381.0689655172414
1788008356,20,GET,/projects,0.000000,0.000000,0,0,0,0,0,0,0,0,0,0,0,17,0,50,71.47968788237503,27.641516000585398,124.89350099986041,17370.941176470587
1788008356,20,GET,/projects [bot],0.000000,0.000000,0,0,0,0,0,0,0,0,0,0,0,1,0,17.926508000527974,17.926508000527974,17.926508000527974,17.926508000527974,17379.0
1788008356,20,GET,/projects/{id},0.300000,0.000000,12,12,12,12,12,12,12,12,12,12,12,12,0,10,11.439599416614024,6.99340699975437,27.011442000002717,1649.5
1788008356,20,GET,/projects/{id}/tasks [bot],0.500000,0.000000,19,19,21,21,25,25,25,25,25,25,25,12,0,18,18.766372083443155,13.754137999967497,24.62353000009898,27563.916666666668
1788008356,20,GET,/projects/{id}/views/{view}/buckets/tasks [kanban],0.000000,0.000000,0,0,0,0,0,0,0,0,0,0,0,5,0,20,20.50321159986197,18.601945999762393,22.76642500055459,40120.6
1788008356,20,GET,/projects/{id}/views/{view}/tasks [list],0.300000,0.000000,23,23,23,23,23,23,23,23,23,23,23,13,0,23,22.639070461501923,14.957696000237775,30.55599599974812,20369.53846153846
1788008356,20,GET,/tasks [bot],0.000000,0.000000,30,30,30,30,30,30,30,30,30,30,30,3,0,30,73.59835499967933,27.56305699949735,163.26392399969336,79244.33333333333
1788008356,20,GET,/tasks [home],0.100000,0.000000,26,26,26,26,26,26,26,26,26,26,26,20,0,24,26.07908949994453,15.031994999844756,44.8293970002851,39874.65
1788008356,20,GET,/tasks/{id},0.100000,0.000000,23,23,23,23,23,23,23,23,23,23,23,3,0,23,22.8423096662785,15.272396999534976,29.97373299967876,1187.3333333333333
1788008356,20,GET,/tasks/{id} [bot],2.200000,0.000000,18,18,18,18,21,23,23,23,23,23,23,48,0,17,21.986563916717234,11.723516000529344,118.91155400007847,971.8958333333334
1788008356,20,PATCH,/tasks/{id} [patch],0.000000,0.000000,27,27,27,27,27,27,27,27,27,27,27,1,0,26.752528000542952,26.752528000542952,26.752528000542952,26.752528000542952,791.0
1788008356,20,GET,/tasks/{id}/comments,0.100000,0.000000,8,8,8,8,8,8,8,8,8,8,8,3,0,8,7.814769666462477,7.336722000218288,8.055922999119502,137.0
1788008356,20,POST,/tasks/{id}/labels [add],0.100000,0.000000,21,21,21,21,21,21,21,21,21,21,21,1,0,21.141725000234146,21.141725000234146,21.141725000234146,21.141725000234146,59.0
1788008356,20,PUT,/tasks/{id}/read,0.100000,0.000000,2,2,2,2,2,2,2,2,2,2,2,3,0,2,1.7636603333812673,1.1479250006232178,2.1267209995130543,93.0
1788008356,20,GET,/user,0.000000,0.000000,0,0,0,0,0,0,0,0,0,0,0,17,0,7,15.823874470537275,2.5078779999603285,53.642600999410206,594.7058823529412
1788008356,20,WS,connect+auth+subscribe,0.000000,0.000000,0,0,0,0,0,0,0,0,0,0,0,17,0,4,4.406354006598978,2.181529998779297,8.179664611816406,0.0
1788008356,20,,Aggregated,4.900000,0.000000,17,18,18,19,23,23,26,26,26,26,26,281,0,18,46.41253900751841,0.6950150000193389,369.012326000302,8225.864768683274
1788008357,20,GET,/avatar/{username},0.800000,0.000000,2,2,2,2,3,3,3,3,3,3,3,42,0,2,2.063452095301597,1.3023339997744188,4.926747999888903,277.0
1788008357,20,GET,/info,0.000000,0.000000,0,0,0,0,0,0,0,0,0,0,0,17,0,1,2.256086705850013,0.6950150000193389,6.604647999665758,851.0
1788008357,20,GET,/labels,0.000000,0.000000,0,0,0,0,0,0,0,0,0,0,0,17,0,41,38.41685141169899,18.131382999854395,56.93368899937923,2857.294117647059
1788008357,20,POST,/login,0.000000,0.000000,0,0,0,0,0,0,0,0,0,0,0,29,0,310,275.3323935172563,122.94386299981852,369.012326000302,381.0689655172414
1788008357,20,GET,/projects,0.000000,0.000000,0,0,0,0,0,0,0,0,0,0,0,17,0,50,71.47968788237503,27.641516000585398,124.89350099986041,17370.941176470587
1788008357,20,GET,/projects [bot],0.000000,0.000000,0,0,0,0,0,0,0,0,0,0,0,1,0,17.926508000527974,17.926508000527974,17.926508000527974,17.926508000527974,17379.0
1788008357,20,GET,/projects/{id},0.200000,0.000000,12,12,12,12,12,12,12,12,12,12,12,12,0,10,11.439599416614024,6.99340699975437,27.011442000002717,1649.5
1788008357,20,GET,/projects/{id}/tasks [bot],0.500000,0.000000,19,19,21,21,25,25,25,25,25,25,25,13,0,18,18.791020230869783,13.754137999967497,24.62353000009898,28452.384615384617
1788008357,20,GET,/projects/{id}/views/{view}/buckets/tasks [kanban],0.000000,0.000000,0,0,0,0,0,0,0,0,0,0,0,5,0,20,20.50321159986197,18.601945999762393,22.76642500055459,40120.6
1788008357,20,GET,/projects/{id}/views/{view}/tasks [list],0.200000,0.000000,23,23,23,23,23,23,23,23,23,23,23,13,0,23,22.639070461501923,14.957696000237775,30.55599599974812,20369.53846153846
1788008357,20,GET,/tasks [bot],0.000000,0.000000,30,30,30,30,30,30,30,30,30,30,30,3,0,30,73.59835499967933,27.56305699949735,163.26392399969336,79244.33333333333
1788008357,20,GET,/tasks [home],0.100000,0.000000,26,26,26,26,26,26,26,26,26,26,26,20,0,24,26.07908949994453,15.031994999844756,44.8293970002851,39874.65
1788008357,20,GET,/tasks/{id},0.100000,0.000000,23,23,23,23,23,23,23,23,23,23,23,3,0,23,22.8423096662785,15.272396999534976,29.97373299967876,1187.3333333333333
1788008357,20,GET,/tasks/{id} [bot],2.300000,0.000000,18,18,18,18,21,34,34,34,34,34,34,50,0,17,22.15728808005224,11.723516000529344,118.91155400007847,973.14
1788008357,20,PATCH,/tasks/{id} [patch],0.000000,0.000000,27,27,27,27,27,27,27,27,27,27,27,1,0,26.752528000542952,26.752528000542952,26.752528000542952,26.752528000542952,791.0
1788008357,20,GET,/tasks/{id}/comments,0.100000,0.000000,8,8,8,8,8,8,8,8,8,8,8,3,0,8,7.814769666462477,7.336722000218288,8.055922999119502,137.0
1788008357,20,POST,/tasks/{id}/labels [add],0.100000,0.000000,21,21,21,21,21,21,21,21,21,21,21,1,0,21.141725000234146,21.141725000234146,21.141725000234146,21.141725000234146,59.0
1788008357,20,PUT,/tasks/{id}/read,0.100000,0.000000,2,2,2,2,2,2,2,2,2,2,2,3,0,2,1.7636603333812673,1.1479250006232178,2.1267209995130543,93.0
1788008357,20,GET,/user,0.000000,0.000000,0,0,0,0,0,0,0,0,0,0,0,17,0,7,15.823874470537275,2.5078779999603285,53.642600999410206,594.7058823529412
1788008357,20,WS,connect+auth+subscribe,0.000000,0.000000,0,0,0,0,0,0,0,0,0,0,0,17,0,4,4.406354006598978,2.181529998779297,8.179664611816406,0.0
1788008357,20,,Aggregated,4.500000,0.000000,18,18,19,19,23,26,34,34,34,34,34,284,0,18,46.17436477152411,0.6950150000193389,369.012326000302,8283.760563380281
1788008358,20,GET,/avatar/{username},0.800000,0.000000,2,2,2,2,3,3,3,3,3,3,3,42,0,2,2.063452095301597,1.3023339997744188,4.926747999888903,277.0
1788008358,20,GET,/info,0.000000,0.000000,0,0,0,0,0,0,0,0,0,0,0,17,0,1,2.256086705850013,0.6950150000193389,6.604647999665758,851.0
1788008358,20,GET,/labels,0.000000,0.000000,0,0,0,0,0,0,0,0,0,0,0,17,0,41,38.41685141169899,18.131382999854395,56.93368899937923,2857.294117647059
1788008358,20,POST,/login,0.000000,0.000000,0,0,0,0,0,0,0,0,0,0,0,29,0,310,275.3323935172563,122.94386299981852,369.012326000302,381.0689655172414
1788008358,20,GET,/projects,0.000000,0.000000,0,0,0,0,0,0,0,0,0,0,0,17,0,50,71.47968788237503,27.641516000585398,124.89350099986041,17370.941176470587
1788008358,20,GET,/projects [bot],0.000000,0.000000,0,0,0,0,0,0,0,0,0,0,0,2,0,18,18.10136100039017,17.926508000527974,18.276214000252367,16602.5
1788008358,20,GET,/projects/{id},0.200000,0.000000,12,12,12,12,12,12,12,12,12,12,12,12,0,10,11.439599416614024,6.99340699975437,27.011442000002717,1649.5
1788008358,20,GET,/projects/{id}/tasks [bot],0.600000,0.000000,19,19,21,21,25,25,25,25,25,25,25,13,0,18,18.791020230869783,13.754137999967497,24.62353000009898,28452.384615384617
1788008358,20,GET,/projects/{id}/views/{view}/buckets/tasks [kanban],0.000000,0.000000,0,0,0,0,0,0,0,0,0,0,0,5,0,20,20.50321159986197,18.601945999762393,22.76642500055459,40120.6
1788008358,20,GET,/projects/{id}/views/{view}/tasks [list],0.200000,0.000000,23,23,23,23,23,23,23,23,23,23,23,13,0,23,22.639070461501923,14.957696000237775,30.55599599974812,20369.53846153846
1788008358,20,GET,/tasks [bot],0.000000,0.000000,30,30,30,30,30,30,30,30,30,30,30,3,0,30,73.59835499967933,27.56305699949735,163.26392399969336,79244.33333333333
1788008358,20,GET,/tasks [home],0.100000,0.000000,26,26,26,26,26,26,26,26,26,26,26,20,0,24,26.07908949994453,15.031994999844756,44.8293970002851,39874.65
1788008358,20,GET,/tasks/{id},0.100000,0.000000,23,23,23,23,23,23,23,23,23,23,23,3,0,23,22.8423096662785,15.272396999534976,29.97373299967876,1187.3333333333333
1788008358,20,GET,/tasks/{id} [bot],1.900000,0.000000,17,18,18,18,21,34,34,34,34,34,34,53,0,17,21.86034037741884,11.723516000529344,118.91155400007847,968.9056603773585
1788008358,20,PATCH,/tasks/{id} [patch],0.000000,0.000000,27,27,27,27,27,27,27,27,27,27,27,1,0,26.752528000542952,26.752528000542952,26.752528000542952,26.752528000542952,791.0
1788008358,20,GET,/tasks/{id}/comments,0.100000,0.000000,8,8,8,8,8,8,8,8,8,8,8,3,0,8,7.814769666462477,7.336722000218288,8.055922999119502,137.0
1788008358,20,POST,/tasks/{id}/labels [add],0.100000,0.000000,21,21,21,21,21,21,21,21,21,21,21,1,0,21.141725000234146,21.141725000234146,21.141725000234146,21.141725000234146,59.0
1788008358,20,PUT,/tasks/{id}/read,0.100000,0.000000,2,2,2,2,2,2,2,2,2,2,2,3,0,2,1.7636603333812673,1.1479250006232178,2.1267209995130543,93.0
1788008358,20,GET,/user,0.000000,0.000000,0,0,0,0,0,0,0,0,0,0,0,17,0,7,15.823874470537275,2.5078779999603285,53.642600999410206,594.7058823529412
1788008358,20,WS,connect+auth+subscribe,0.000000,0.000000,0,0,0,0,0,0,0,0,0,0,0,17,0,4,4.406354006598978,2.181529998779297,8.179664611816406,0.0
1788008358,20,,Aggregated,4.200000,0.000000,18,18,18,19,23,26,34,34,34,34,34,288,0,18,45.77267168442253,0.6950150000193389,369.012326000302,8233.017361111111
1788008359,20,GET,/avatar/{username},0.800000,0.000000,2,2,2,2,2,2,2,2,2,2,2,42,0,2,2.063452095301597,1.3023339997744188,4.926747999888903,277.0
1788008359,20,GET,/info,0.000000,0.000000,0,0,0,0,0,0,0,0,0,0,0,17,0,1,2.256086705850013,0.6950150000193389,6.604647999665758,851.0
1788008359,20,GET,/labels,0.000000,0.000000,0,0,0,0,0,0,0,0,0,0,0,17,0,41,38.41685141169899,18.131382999854395,56.93368899937923,2857.294117647059
1788008359,20,POST,/login,0.000000,0.000000,0,0,0,0,0,0,0,0,0,0,0,29,0,310,275.3323935172563,122.94386299981852,369.012326000302,381.0689655172414
1788008359,20,GET,/projects,0.000000,0.000000,0,0,0,0,0,0,0,0,0,0,0,17,0,50,71.47968788237503,27.641516000585398,124.89350099986041,17370.941176470587
1788008359,20,GET,/projects [bot],0.000000,0.000000,18,18,18,18,18,18,18,18,18,18,18,3,0,18,17.659369666944258,16.775387000052433,18.276214000252367,16861.333333333332
1788008359,20,GET,/projects/{id},0.200000,0.000000,12,12,12,12,12,12,12,12,12,12,12,12,0,10,11.439599416614024,6.99340699975437,27.011442000002717,1649.5
1788008359,20,GET,/projects/{id}/tasks [bot],0.700000,0.000000,19,19,21,21,25,25,25,25,25,25,25,13,0,18,18.791020230869783,13.754137999967497,24.62353000009898,28452.384615384617
1788008359,20,GET,/projects/{id}/views/{view}/buckets/tasks [kanban],0.000000,0.000000,0,0,0,0,0,0,0,0,0,0,0,5,0,20,20.50321159986197,18.601945999762393,22.76642500055459,40120.6
1788008359,20,GET,/projects/{id}/views/{view}/tasks [list],0.200000,0.000000,23,23,23,23,23,23,23,23,23,23,23,13,0,23,22.639070461501923,14.957696000237775,30.55599599974812,20369.53846153846
1788008359,20,GET,/tasks [bot],0.000000,0.000000,0,0,0,0,0,0,0,0,0,0,0,3,0,30,73.59835499967933,27.56305699949735,163.26392399969336,79244.33333333333
1788008359,20,GET,/tasks [home],0.100000,0.000000,26,26,26,26,26,26,26,26,26,26,26,20,0,24,26.07908949994453,15.031994999844756,44.8293970002851,39874.65
1788008359,20,GET,/tasks/{id},0.100000,0.000000,23,23,23,23,23,23,23,23,23,23,23,3,0,23,22.8423096662785,15.272396999534976,29.97373299967876,1187.3333333333333
1788008359,20,GET,/tasks/{id} [bot],1.900000,0.000000,17,18,18,18,18,19,34,34,34,34,34,56,0,17,21.621153517912717,11.723516000529344,118.91155400007847,969.7857142857143
1788008359,20,PATCH,/tasks/{id} [patch],0.000000,0.000000,0,0,0,0,0,0,0,0,0,0,0,1,0,26.752528000542952,26.752528000542952,26.752528000542952,26.752528000542952,791.0
1788008359,20,GET,/tasks/{id}/comments,0.100000,0.000000,8,8,8,8,8,8,8,8,8,8,8,3,0,8,7.814769666462477,7.336722000218288,8.055922999119502,137.0
1788008359,20,POST,/tasks/{id}/labels [add],0.000000,0.000000,21,21,21,21,21,21,21,21,21,21,21,1,0,21.141725000234146,21.141725000234146,21.141725000234146,21.141725000234146,59.0
1788008359,20,PUT,/tasks/{id}/read,0.100000,0.000000,2,2,2,2,2,2,2,2,2,2,2,3,0,2,1.7636603333812673,1.1479250006232178,2.1267209995130543,93.0
1788008359,20,GET,/user,0.000000,0.000000,0,0,0,0,0,0,0,0,0,0,0,17,0,7,15.823874470537275,2.5078779999603285,53.642600999410206,594.7058823529412
1788008359,20,WS,connect+auth+subscribe,0.000000,0.000000,0,0,0,0,0,0,0,0,0,0,0,17,0,4,4.406354006598978,2.181529998779297,8.179664611816406,0.0
1788008359,20,,Aggregated,4.200000,0.000000,17,18,18,18,23,26,34,34,34,34,34,292,0,18,45.38181982573169,0.6950150000193389,369.012326000302,8189.876712328767
1788008360,20,GET,/avatar/{username},0.500000,0.000000,2,2,2,2,2,2,2,2,2,2,2,45,0,2,2.0766763111775313,1.3023339997744188,4.926747999888903,277.0
1788008360,20,GET,/info,0.000000,0.000000,0,0,0,0,0,0,0,0,0,0,0,17,0,1,2.256086705850013,0.6950150000193389,6.604647999665758,851.0
1788008360,20,GET,/labels,0.000000,0.000000,0,0,0,0,0,0,0,0,0,0,0,17,0,41,38.41685141169899,18.131382999854395,56.93368899937923,2857.294117647059
1788008360,20,POST,/login,0.000000,0.000000,0,0,0,0,0,0,0,0,0,0,0,29,0,310,275.3323935172563,122.94386299981852,369.012326000302,381.0689655172414
1788008360,20,GET,/projects,0.000000,0.000000,0,0,0,0,0,0,0,0,0,0,0,17,0,50,71.47968788237503,27.641516000585398,124.89350099986041,17370.941176470587
1788008360,20,GET,/projects [bot],0.000000,0.000000,18,18,18,18,18,18,18,18,18,18,18,3,0,18,17.659369666944258,16.775387000052433,18.276214000252367,16861.333333333332
1788008360,20,GET,/projects/{id},0.100000,0.000000,12,12,12,12,12,12,12,12,12,12,12,13,0,10,11.265733307692035,6.99340699975437,27.011442000002717,1649.5384615384614
1788008360,20,GET,/projects/{id}/tasks [bot],0.600000,0.000000,18,19,20,21,25,25,25,25,25,25,25,16,0,18,18.68330768758142,13.754137999967497,24.62353000009898,27544.4375
1788008360,20,GET,/projects/{id}/views/{view}/buckets/tasks [kanban],0.000000,0.000000,0,0,0,0,0,0,0,0,0,0,0,5,0,20,20.50321159986197,18.601945999762393,22.76642500055459,40120.6
1788008360,20,GET,/projects/{id}/views/{view}/tasks [list],0.100000,0.000000,23,23,24,24,24,24,24,24,24,24,24,15,0,23,22.742901400003273,14.957696000237775,30.55599599974812,20344.066666666666
1788008360,20,GET,/tasks [bot],0.000000,0.000000,0,0,0,0,0,0,0,0,0,0,0,3,0,30,73.59835499967933,27.56305699949735,163.26392399969336,79244.33333333333
1788008360,20,GET,/tasks [home],0.100000,0.000000,26,26,26,26,26,26,26,26,26,26,26,20,0,24,26.07908949994453,15.031994999844756,44.8293970002851,39874.65
1788008360,20,GET,/tasks/{id},0.100000,0.000000,24,24,24,24,24,24,24,24,24,24,24,4,0,23,23.108716749675295,15.272396999534976,29.97373299967876,1154.75
1788008360,20,GET,/tasks/{id} [bot],2.000000,0.000000,17,18,18,18,19,34,34,34,34,34,34,57,0,17,21.49982050881941,11.723516000529344,118.91155400007847,969.280701754386
1788008360,20,PATCH,/tasks/{id} [patch],0.000000,0.000000,0,0,0,0,0,0,0,0,0,0,0,1,0,26.752528000542952,26.752528000542952,26.752528000542952,26.752528000542952,791.0
1788008360,20,GET,/tasks/{id}/comments,0.100000,0.000000,8,8,8,8,8,8,8,8,8,8,8,4,0,8,7.957178999959069,7.336722000218288,8.384407000448846,137.0
1788008360,20,POST,/tasks/{id}/labels [add],0.000000,0.000000,21,21,21,21,21,21,21,21,21,21,21,1,0,21.141725000234146,21.141725000234146,21.141725000234146,21.141725000234146,59.0
1788008360,20,PUT,/tasks/{id}/read,0.100000,0.000000,2,2,2,2,2,2,2,2,2,2,2,4,0,2,1.88213525007086,1.1479250006232178,2.237560000139638,93.0
1788008360,20,GET,/user,0.000000,0.000000,0,0,0,0,0,0,0,0,0,0,0,17,0,7,15.823874470537275,2.5078779999603285,53.642600999410206,594.7058823529412
1788008360,20,WS,connect+auth+subscribe,0.000000,0.000000,0,0,0,0,0,0,0,0,0,0,0,17,0,4,4.406354006598978,2.181529998779297,8.179664611816406,0.0
1788008360,20,,Aggregated,3.700000,0.000000,17,18,18,19,23,24,34,34,34,34,34,305,0,17,43.994021367590726,0.6950150000193389,369.012326000302,8220.786885245901
1788008361,20,GET,/avatar/{username},0.500000,0.000000,2,2,2,2,2,2,2,2,2,2,2,45,0,2,2.0766763111775313,1.3023339997744188,4.926747999888903,277.0
1788008361,20,GET,/info,0.000000,0.000000,0,0,0,0,0,0,0,0,0,0,0,17,0,1,2.256086705850013,0.6950150000193389,6.604647999665758,851.0
1788008361,20,GET,/labels,0.000000,0.000000,0,0,0,0,0,0,0,0,0,0,0,17,0,41,38.41685141169899,18.131382999854395,56.93368899937923,2857.294117647059
1788008361,20,POST,/login,0.000000,0.000000,0,0,0,0,0,0,0,0,0,0,0,29,0,310,275.3323935172563,122.94386299981852,369.012326000302,381.0689655172414
1788008361,20,GET,/projects,0.000000,0.000000,0,0,0,0,0,0,0,0,0,0,0,17,0,50,71.47968788237503,27.641516000585398,124.89350099986041,17370.941176470587
1788008361,20,GET,/projects [bot],0.100000,0.000000,18,18,20,20,20,20,20,20,20,20,20,4,0,18,18.18537150006705,16.775387000052433,19.763376999435422,16595.25
1788008361,20,GET,/projects/{id},0.100000,0.000000,12,12,12,12,12,12,12,12,12,12,12,13,0,10,11.265733307692035,6.99340699975437,27.011442000002717,1649.5384615384614
1788008361,20,GET,/projects/{id}/tasks [bot],0.600000,0.000000,18,18,19,19,20,20,20,20,20,20,20,16,0,18,18.68330768758142,13.754137999967497,24.62353000009898,27544.4375
1788008361,20,GET,/projects/{id}/views/{view}/buckets/tasks [kanban],0.000000,0.000000,0,0,0,0,0,0,0,0,0,0,0,5,0,20,20.50321159986197,18.601945999762393,22.76642500055459,40120.6
1788008361,20,GET,/projects/{id}/views/{view}/tasks [list],0.100000,0.000000,23,23,24,24,24,24,24,24,24,24,24,15,0,23,22.742901400003273,14.957696000237775,30.55599599974812,20344.066666666666
1788008361,20,GET,/tasks [bot],0.000000,0.000000,0,0,0,0,0,0,0,0,0,0,0,3,0,30,73.59835499967933,27.56305699949735,163.26392399969336,79244.33333333333
1788008361,20,GET,/tasks [home],0.100000,0.000000,26,26,26,26,26,26,26,26,26,26,26,20,0,24,26.07908949994453,15.031994999844756,44.8293970002851,39874.65
1788008361,20,GET,/tasks/{id},0.100000,0.000000,24,24,24,24,24,24,24,24,24,24,24,4,0,23,23.108716749675295,15.272396999534976,29.97373299967876,1154.75
1788008361,20,GET,/tasks/{id} [bot],2.200000,0.000000,17,18,18,18,19,20,34,34,34,34,34,61,0,17,21.254747049214693,11.723516000529344,118.91155400007847,966.3934426229508
1788008361,20,PATCH,/tasks/{id} [patch],0.000000,0.000000,0,0,0,0,0,0,0,0,0,0,0,1,0,26.752528000542952,26.752528000542952,26.752528000542952,26.752528000542952,791.0
1788008361,20,GET,/tasks/{id}/comments,0.100000,0.000000,8,8,8,8,8,8,8,8,8,8,8,4,0,8,7.957178999959069,7.336722000218288,8.384407000448846,137.0
1788008361,20,POST,/tasks/{id}/labels [add],0.000000,0.000000,21,21,21,21,21,21,21,21,21,21,21,1,0,21.141725000234146,21.141725000234146,21.141725000234146,21.141725000234146,59.0
1788008361,20,PUT,/tasks/{id}/read,0.100000,0.000000,2,2,2,2,2,2,2,2,2,2,2,4,0,2,1.88213525007086,1.1479250006232178,2.237560000139638,93.0
1788008361,20,GET,/user,0.000000,0.000000,0,0,0,0,0,0,0,0,0,0,0,17,0,7,15.823874470537275,2.5078779999603285,53.642600999410206,594.7058823529412
1788008361,20,WS,connect+auth+subscribe,0.000000,0.000000,0,0,0,0,0,0,0,0,0,0,0,17,0,4,4.406354006598978,2.181529998779297,8.179664611816406,0.0
1788008361,20,,Aggregated,4.000000,0.000000,18,18,18,19,23,24,34,34,34,34,34,310,0,17,43.577386113270954,0.6950150000193389,369.012326000302,8151.090322580645
1788008362,20,GET,/avatar/{username},0.500000,0.000000,2,2,2,2,2,2,2,2,2,2,2,45,0,2,2.0766763111775313,1.3023339997744188,4.926747999888903,277.0
1788008362,20,GET,/info,0.000000,0.000000,0,0,0,0,0,0,0,0,0,0,0,17,0,1,2.256086705850013,0.6950150000193389,6.604647999665758,851.0
1788008362,20,GET,/labels,0.000000,0.000000,0,0,0,0,0,0,0,0,0,0,0,17,0,41,38.41685141169899,18.131382999854395,56.93368899937923,2857.294117647059
1788008362,20,POST,/login,0.000000,0.000000,0,0,0,0,0,0,0,0,0,0,0,29,0,310,275.3323935172563,122.94386299981852,369.012326000302,381.0689655172414
1788008362,20,GET,/projects,0.000000,0.000000,0,0,0,0,0,0,0,0,0,0,0,17,0,50,71.47968788237503,27.641516000585398,124.89350099986041,17370.941176470587
1788008362,20,GET,/projects [bot],0.200000,0.000000,18,18,20,20,20,20,20,20,20,20,20,4,0,18,18.18537150006705,16.775387000052433,19.763376999435422,16595.25
1788008362,20,GET,/projects/{id},0.100000,0.000000,12,12,12,12,12,12,12,12,12,12,12,13,0,10,11.265733307692035,6.99340699975437,27.011442000002717,1649.5384615384614
1788008362,20,GET,/projects/{id}/tasks [bot],0.600000,0.000000,18,18,19,19,20,20,20,20,20,20,20,16,0,18,18.68330768758142,13.754137999967497,24.62353000009898,27544.4375
1788008362,20,GET,/projects/{id}/views/{view}/buckets/tasks [kanban],0.000000,0.000000,0,0,0,0,0,0,0,0,0,0,0,5,0,20,20.50321159986197,18.601945999762393,22.76642500055459,40120.6
1788008362,20,GET,/projects/{id}/views/{view}/tasks [list],0.100000,0.000000,23,23,24,24,24,24,24,24,24,24,24,15,0,23,22.742901400003273,14.957696000237775,30.55599599974812,20344.066666666666
1788008362,20,GET,/tasks [bot],0.000000,0.000000,0,0,0,0,0,0,0,0,0,0,0,3,0,30,73.59835499967933,27.56305699949735,163.26392399969336,79244.33333333333
1788008362,20,GET,/tasks [home],0.100000,0.000000,26,26,26,26,26,26,26,26,26,26,26,20,0,24,26.07908949994453,15.031994999844756,44.8293970002851,39874.65
1788008362,20,GET,/tasks/{id},0.100000,0.000000,24,24,24,24,24,24,24,24,24,24,24,4,0,23,23.108716749675295,15.272396999534976,29.97373299967876,1154.75
1788008362,20,GET,/tasks/{id} [bot],2.100000,0.000000,18,18,18,18,19,20,34,34,34,34,34,63,0,17,21.150268396865165,11.723516000529344,118.91155400007847,968.5873015873016
1788008362,20,PATCH,/tasks/{id} [patch],0.000000,0.000000,0,0,0,0,0,0,0,0,0,0,0,1,0,26.752528000542952,26.752528000542952,26.752528000542952,26.752528000542952,791.0
1788008362,20,GET,/tasks/{id}/comments,0.100000,0.000000,8,8,8,8,8,8,8,8,8,8,8,4,0,8,7.957178999959069,7.336722000218288,8.384407000448846,137.0
1788008362,20,POST,/tasks/{id}/labels [add],0.000000,0.000000,21,21,21,21,21,21,21,21,21,21,21,1,0,21.141725000234146,21.141725000234146,21.141725000234146,21.141725000234146,59.0
1788008362,20,PUT,/tasks/{id}/read,0.100000,0.000000,2,2,2,2,2,2,2,2,2,2,2,4,0,2,1.88213525007086,1.1479250006232178,2.237560000139638,93.0
1788008362,20,GET,/user,0.000000,0.000000,0,0,0,0,0,0,0,0,0,0,0,17,0,7,15.823874470537275,2.5078779999603285,53.642600999410206,594.7058823529412
1788008362,20,WS,connect+auth+subscribe,0.000000,0.000000,0,0,0,0,0,0,0,0,0,0,0,17,0,4,4.406354006598978,2.181529998779297,8.179664611816406,0.0
1788008362,20,,Aggregated,4.000000,0.000000,18,18,19,19,23,24,34,34,34,34,34,312,0,17,43.41319562216155,0.6950150000193389,369.012326000302,8105.477564102564
1788008363,20,GET,/avatar/{username},0.800000,0.000000,2,2,2,2,2,2,2,2,2,2,2,45,0,2,2.0766763111775313,1.3023339997744188,4.926747999888903,277.0
1788008363,20,GET,/info,0.000000,0.000000,0,0,0,0,0,0,0,0,0,0,0,17,0,1,2.256086705850013,0.6950150000193389,6.604647999665758,851.0
1788008363,20,GET,/labels,0.000000,0.000000,0,0,0,0,0,0,0,0,0,0,0,17,0,41,38.41685141169899,18.131382999854395,56.93368899937923,2857.294117647059
1788008363,20,POST,/login,0.000000,0.000000,0,0,0,0,0,0,0,0,0,0,0,29,0,310,275.3323935172563,122.94386299981852,369.012326000302,381.0689655172414
1788008363,20,GET,/projects,0.000000,0.000000,0,0,0,0,0,0,0,0,0,0,0,17,0,50,71.47968788237503,27.641516000585398,124.89350099986041,17370.941176470587
1788008363,20,GET,/projects [bot],0.200000,0.000000,18,18,20,20,20,20,20,20,20,20,20,4,0,18,18.18537150006705,16.775387000052433,19.763376999435422,16595.25
1788008363,20,GET,/projects/{id},0.200000,0.000000,12,12,12,12,12,12,12,12,12,12,12,13,0,10,11.265733307692035,6.99340699975437,27.011442000002717,1649.5384615384614
1788008363,20,GET,/projects/{id}/tasks [bot],0.700000,0.000000,18,19,20,20,24,24,24,24,24,24,24,17,0,18,19.00672252946499,13.754137999967497,24.62353000009898,28273.58823529412
1788008363,20,GET,/projects/{id}/views/{view}/buckets/tasks [kanban],0.000000,0.000000,0,0,0,0,0,0,0,0,0,0,0,5,0,20,20.50321159986197,18.601945999762393,22.76642500055459,40120.6
1788008363,20,GET,/projects/{id}/views/{view}/tasks [list],0.300000,0.000000,23,23,24,24,24,24,24,24,24,24,24,15,0,23,22.742901400003273,14.957696000237775,30.55599599974812,20344.066666666666
1788008363,20,GET,/tasks [bot],0.000000,0.000000,0,0,0,0,0,0,0,0,0,0,0,3,0,30,73.59835499967933,27.56305699949735,163.26392399969336,79244.33333333333
1788008363,20,GET,/tasks [home],0.100000,0.000000,26,26,26,26,26,26,26,26,26,26,26,20,0,24,26.07908949994453,15.031994999844756,44.8293970002851,39874.65
1788008363,20,GET,/tasks/{id},0.200000,0.000000,24,24,24,24,24,24,24,24,24,24,24,4,0,23,23.108716749675295,15.272396999534976,29.97373299967876,1154.75
1788008363,20,GET,/tasks/{id} [bot],2.000000,0.000000,18,18,18,19,20,20,34,34,34,34,34,65,0,17,21.068733569266513,11.723516000529344,118.91155400007847,970.6461538461539
1788008363,20,PATCH,/tasks/{id} [patch],0.000000,0.000000,0,0,0,0,0,0,0,0,0,0,0,1,0,26.752528000542952,26.752528000542952,26.752528000542952,26.752528000542952,791.0
1788008363,20,GET,/tasks/{id}/comments,0.200000,0.000000,8,8,8,8,8,8,8,8,8,8,8,4,0,8,7.957178999959069,7.336722000218288,8.384407000448846,137.0
1788008363,20,POST,/tasks/{id}/labels [add],0.000000,0.000000,21,21,21,21,21,21,21,21,21,21,21,1,0,21.141725000234146,21.141725000234146,21.141725000234146,21.141725000234146,59.0
1788008363,20,PUT,/tasks/{id}/read,0.200000,0.000000,2,2,2,2,2,2,2,2,2,2,2,4,0,2,1.88213525007086,1.1479250006232178,2.237560000139638,93.0
1788008363,20,GET,/user,0.000000,0.000000,0,0,0,0,0,0,0,0,0,0,0,17,0,7,15.823874470537275,2.5078779999603285,53.642600999410206,594.7058823529412
1788008363,20,WS,connect+auth+subscribe,0.000000,0.000000,0,0,0,0,0,0,0,0,0,0,0,17,0,4,4.406354006598978,2.181529998779297,8.179664611816406,0.0
1788008363,20,,Aggregated,4.900000,0.000000,18,18,19,20,23,24,34,34,34,34,34,315,0,18,43.19396560988516,0.6950150000193389,369.012326000302,8161.650793650793
1788008364,20,GET,/avatar/{username},0.500000,0.000000,2,2,2,2,2,2,2,2,2,2,2,45,0,2,2.0766763111775313,1.3023339997744188,4.926747999888903,277.0
1788008364,20,GET,/info,0.000000,0.000000,0,0,0,0,0,0,0,0,0,0,0,17,0,1,2.256086705850013,0.6950150000193389,6.604647999665758,851.0
1788008364,20,GET,/labels,0.000000,0.000000,0,0,0,0,0,0,0,0,0,0,0,17,0,41,38.41685141169899,18.131382999854395,56.93368899937923,2857.294117647059
1788008364,20,POST,/login,0.000000,0.000000,0,0,0,0,0,0,0,0,0,0,0,29,0,310,275.3323935172563,122.94386299981852,369.012326000302,381.0689655172414
1788008364,20,GET,/projects,0.000000,0.000000,0,0,0,0,0,0,0,0,0,0,0,17,0,50,71.47968788237503,27.641516000585398,124.89350099986041,17370.941176470587
1788008364,20,GET,/projects [bot],0.300000,0.000000,18,18,20,20,20,20,20,20,20,20,20,4,0,18,18.18537150006705,16.775387000052433,19.763376999435422,16595.25
1788008364,20,GET,/projects/{id},0.100000,0.000000,12,12,12,12,12,12,12,12,12,12,12,13,0,10,11.265733307692035,6.99340699975437,27.011442000002717,1649.5384615384614
1788008364,20,GET,/projects/{id}/tasks [bot],0.700000,0.000000,19,19,20,20,24,24,24,24,24,24,24,17,0,18,19.00672252946499,13.754137999967497,24.62353000009898,28273.58823529412
1788008364,20,GET,/projects/{id}/views/{view}/buckets/tasks [kanban],0.000000,0.000000,0,0,0,0,0,0,0,0,0,0,0,5,0,20,20.50321159986197,18.601945999762393,22.76642500055459,40120.6
1788008364,20,GET,/projects/{id}/views/{view}/tasks [list],0.200000,0.000000,23,23,24,24,24,24,24,24,24,24,24,15,0,23,22.742901400003273,14.957696000237775,30.55599599974812,20344.066666666666
1788008364,20,GET,/tasks [bot],0.000000,0.000000,0,0,0,0,0,0,0,0,0,0,0,3,0,30,73.59835499967933,27.56305699949735,163.26392399969336,79244.33333333333
1788008364,20,GET,/tasks [home],0.100000,0.000000,26,26,26,26,26,26,26,26,26,26,26,20,0,24,26.07908949994453,15.031994999844756,44.8293970002851,39874.65
1788008364,20,GET,/tasks/{id},0.100000,0.000000,24,24,24,24,24,24,24,24,24,24,24,4,0,23,23.108716749675295,15.272396999534976,29.97373299967876,1154.75
1788008364,20,GET,/tasks/{id} [bot],2.200000,0.000000,17,18,18,18,20,20,34,34,34,34,34,67,0,17,20.884950955256336,11.723516000529344,118.91155400007847,968.7910447761194
1788008364,20,PATCH,/tasks/{id} [patch],0.000000,0.000000,0,0,0,0,0,0,0,0,0,0,0,1,0,26.752528000542952,26.752528000542952,26.752528000542952,26.752528000542952,791.0
1788008364,20,GET,/tasks/{id}/comments,0.100000,0.000000,8,8,8,8,8,8,8,8,8,8,8,4,0,8,7.957178999959069,7.336722000218288,8.384407000448846,137.0
1788008364,20,POST,/tasks/{id}/labels [add],0.000000,0.000000,21,21,21,21,21,21,21,21,21,21,21,1,0,21.141725000234146,21.141725000234146,21.141725000234146,21.141725000234146,59.0
1788008364,20,PUT,/tasks/{id}/read,0.100000,0.000000,2,2,2,2,2,2,2,2,2,2,2,4,0,2,1.88213525007086,1.1479250006232178,2.237560000139638,93.0
1788008364,20,GET,/user,0.000000,0.000000,0,0,0,0,0,0,0,0,0,0,0,17,0,7,15.823874470537275,2.5078779999603285,53.642600999410206,594.7058823529412
1788008364,20,WS,connect+auth+subscribe,0.000000,0.000000,0,0,0,0,0,0,0,0,0,0,0,17,0,4,4.406354006598978,2.181529998779297,8.179664611816406,0.0
1788008364,20,,Aggregated,4.400000,0.000000,17,18,19,20,24,24,34,34,34,34,34,317,0,17,43.015530596573115,0.6950150000193389,369.012326000302,8115.889589905363
1788008365,20,GET,/avatar/{username},0.500000,0.000000,2,2,2,2,2,2,2,2,2,2,2,45,0,2,2.0766763111775313,1.3023339997744188,4.926747999888903,277.0
1788008365,20,GET,/info,0.000000,0.000000,0,0,0,0,0,0,0,0,0,0,0,17,0,1,2.256086705850013,0.6950150000193389,6.604647999665758,851.0
1788008365,20,GET,/labels,0.000000,0.000000,0,0,0,0,0,0,0,0,0,0,0,17,0,41,38.41685141169899,18.131382999854395,56.93368899937923,2857.294117647059
1788008365,20,POST,/login,0.000000,0.000000,0,0,0,0,0,0,0,0,0,0,0,29,0,310,275.3323935172563,122.94386299981852,369.012326000302,381.0689655172414
1788008365,20,GET,/projects,0.000000,0.000000,0,0,0,0,0,0,0,0,0,0,0,17,0,50,71.47968788237503,27.641516000585398,124.89350099986041,17370.941176470587
1788008365,20,GET,/projects [bot],0.300000,0.000000,18,18,20,20,20,20,20,20,20,20,20,4,0,18,18.18537150006705,16.775387000052433,19.763376999435422,16595.25
1788008365,20,GET,/projects/{id},0.100000,0.000000,9,9,9,9,9,9,9,9,9,9,9,13,0,10,11.265733307692035,6.99340699975437,27.011442000002717,1649.5384615384614
1788008365,20,GET,/projects/{id}/tasks [bot],0.700000,0.000000,19,20,20,24,24,24,24,24,24,24,24,17,0,18,19.00672252946499,13.754137999967497,24.62353000009898,28273.58823529412
1788008365,20,GET,/projects/{id}/views/{view}/buckets/tasks [kanban],0.000000,0.000000,0,0,0,0,0,0,0,0,0,0,0,5,0,20,20.50321159986197,18.601945999762393,22.76642500055459,40120.6
1788008365,20,GET,/projects/{id}/views/{view}/tasks [list],0.200000,0.000000,24,24,24,24,24,24,24,24,24,24,24,15,0,23,22.742901400003273,14.957696000237775,30.55599599974812,20344.066666666666
1788008365,20,GET,/tasks [bot],0.000000,0.000000,0,0,0,0,0,0,0,0,0,0,0,3,0,30,73.59835499967933,27.56305699949735,163.26392399969336,79244.33333333333
1788008365,20,GET,/tasks [home],0.100000,0.000000,26,26,26,26,26,26,26,26,26,26,26,20,0,24,26.07908949994453,15.031994999844756,44.8293970002851,39874.65
1788008365,20,GET,/tasks/{id},0.100000,0.000000,24,24,24,24,24,24,24,24,24,24,24,4,0,23,23.108716749675295,15.272396999534976,29.97373299967876,1154.75
1788008365,20,GET,/tasks/{id} [bot],2.300000,0.000000,17,18,18,19,20,21,34,34,34,34,34,69,0,17,20.83673660872855,11.723516000529344,118.91155400007847,969.8260869565217
1788008365,20,PATCH,/tasks/{id} [patch],0.000000,0.000000,0,0,0,0,0,0,0,0,0,0,0,1,0,26.752528000542952,26.752528000542952,26.752528000542952,26.752528000542952,791.0
1788008365,20,GET,/tasks/{id}/comments,0.100000,0.000000,8,8,8,8,8,8,8,8,8,8,8,4,0,8,7.957178999959069,7.336722000218288,8.384407000448846,137.0
1788008365,20,POST,/tasks/{id}/labels [add],0.000000,0.000000,0,0,0,0,0,0,0,0,0,0,0,1,0,21.141725000234146,21.141725000234146,21.141725000234146,21.141725000234146,59.0
1788008365,20,PUT,/tasks/{id}/read,0.100000,0.000000,2,2,2,2,2,2,2,2,2,2,2,4,0,2,1.88213525007086,1.1479250006232178,2.237560000139638,93.0
1788008365,20,GET,/user,0.000000,0.000000,0,0,0,0,0,0,0,0,0,0,0,17,0,7,15.823874470537275,2.5078779999603285,53.642600999410206,594.7058823529412
1788008365,20,WS,connect+auth+subscribe,0.000000,0.000000,0,0,0,0,0,0,0,0,0,0,0,17,0,4,4.406354006598978,2.181529998779297,8.179664611816406,0.0
1788008365,20,,Aggregated,4.500000,0.000000,17,18,20,20,24,24,34,34,34,34,34,319,0,18,42.86635207245697,0.6950150000193389,369.012326000302,8071.30407523511
1788008366,20,GET,/avatar/{username},0.300000,0.000000,2,2,2,2,2,2,2,2,2,2,2,45,0,2,2.0766763111775313,1.3023339997744188,4.926747999888903,277.0
1788008366,20,GET,/info,0.000000,0.000000,0,0,0,0,0,0,0,0,0,0,0,17,0,1,2.256086705850013,0.6950150000193389,6.604647999665758,851.0
1788008366,20,GET,/labels,0.000000,0.000000,0,0,0,0,0,0,0,0,0,0,0,17,0,41,38.41685141169899,18.131382999854395,56.93368899937923,2857.294117647059
1788008366,20,POST,/login,0.000000,0.000000,0,0,0,0,0,0,0,0,0,0,0,29,0,310,275.3323935172563,122.94386299981852,369.012326000302,381.0689655172414
1788008366,20,GET,/projects,0.000000,0.000000,0,0,0,0,0,0,0,0,0,0,0,17,0,50,71.47968788237503,27.641516000585398,124.89350099986041,17370.941176470587
1788008366,20,GET,/projects [bot],0.300000,0.000000,18,18,20,20,20,20,20,20,20,20,20,4,0,18,18.18537150006705,16.775387000052433,19.763376999435422,16595.25
1788008366,20,GET,/projects/{id},0.100000,0.000000,9,9,9,9,9,9,9,9,9,9,9,13,0,10,11.265733307692035,6.99340699975437,27.011442000002717,1649.5384615384614
1788008366,20,GET,/projects/{id}/tasks [bot],0.700000,0.000000,19,20,20,20,24,24,24,24,24,24,24,20,0,18,19.002003300056458,13.754137999967497,24.62353000009898,28768.5
1788008366,20,GET,/projects/{id}/views/{view}/buckets/tasks [kanban],0.000000,0.000000,0,0,0,0,0,0,0,0,0,0,0,5,0,20,20.50321159986197,18.601945999762393,22.76642500055459,40120.6
1788008366,20,GET,/projects/{id}/views/{view}/tasks [list],0.200000,0.000000,24,24,24,24,24,24,24,24,24,24,24,15,0,23,22.742901400003273,14.957696000237775,30.55599599974812,20344.066666666666
1788008366,20,GET,/tasks [bot],0.000000,0.000000,0,0,0,0,0,0,0,0,0,0,0,4,0,28,61.404467249758454,24.822803999995813,163.26392399969336,79349.0
1788008366,20,GET,/tasks [home],0.000000,0.000000,26,26,26,26,26,26,26,26,26,26,26,20,0,24,26.07908949994453,15.031994999844756,44.8293970002851,39874.65
1788008366,20,GET,/tasks/{id},0.100000,0.000000,24,24,24,24,24,24,24,24,24,24,24,4,0,23,23.108716749675295,15.272396999534976,29.97373299967876,1154.75
1788008366,20,GET,/tasks/{id} [bot],2.300000,0.000000,17,18,18,19,20,21,34,34,34,34,34,69,0,17,20.83673660872855,11.723516000529344,118.91155400007847,969.8260869565217
1788008366,20,PATCH,/tasks/{id} [patch],0.000000,0.000000,24,24,24,24,24,24,24,24,24,24,24,2,0,24,25.25472549996266,23.75692299938237,26.752528000542952,395.5
1788008366,20,GET,/tasks/{id}/comments,0.100000,0.000000,8,8,8,8,8,8,8,8,8,8,8,4,0,8,7.957178999959069,7.336722000218288,8.384407000448846,137.0
1788008366,20,POST,/tasks/{id}/labels [add],0.000000,0.000000,0,0,0,0,0,0,0,0,0,0,0,1,0,21.141725000234146,21.141725000234146,21.141725000234146,21.141725000234146,59.0
1788008366,20,PUT,/tasks/{id}/read,0.100000,0.000000,2,2,2,2,2,2,2,2,2,2,2,4,0,2,1.88213525007086,1.1479250006232178,2.237560000139638,93.0
1788008366,20,GET,/user,0.000000,0.000000,0,0,0,0,0,0,0,0,0,0,0,17,0,7,15.823874470537275,2.5078779999603285,53.642600999410206,594.7058823529412
1788008366,20,WS,connect+auth+subscribe,0.000000,0.000000,0,0,0,0,0,0,0,0,0,0,0,17,0,4,4.406354006598978,2.181529998779297,8.179664611816406,0.0
1788008366,20,,Aggregated,4.200000,0.000000,18,19,20,20,24,24,34,34,34,34,34,324,0,18,42.53046858368325,0.6950150000193389,369.012326000302,8484.962962962964
1788008367,20,GET,/avatar/{username},0.300000,0.000000,2,2,2,2,2,2,2,2,2,2,2,45,0,2,2.0766763111775313,1.3023339997744188,4.926747999888903,277.0
1788008367,20,GET,/info,0.000000,0.000000,0,0,0,0,0,0,0,0,0,0,0,17,0,1,2.256086705850013,0.6950150000193389,6.604647999665758,851.0
1788008367,20,GET,/labels,0.000000,0.000000,0,0,0,0,0,0,0,0,0,0,0,17,0,41,38.41685141169899,18.131382999854395,56.93368899937923,2857.294117647059
1788008367,20,POST,/login,0.000000,0.000000,0,0,0,0,0,0,0,0,0,0,0,29,0,310,275.3323935172563,122.94386299981852,369.012326000302,381.0689655172414
1788008367,20,GET,/projects,0.000000,0.000000,0,0,0,0,0,0,0,0,0,0,0,17,0,50,71.47968788237503,27.641516000585398,124.89350099986041,17370.941176470587
1788008367,20,GET,/projects [bot],0.300000,0.000000,18,18,20,20,20,20,20,20,20,20,20,4,0,18,18.18537150006705,16.775387000052433,19.763376999435422,16595.25
1788008367,20,POST,/projects [create],0.000000,0.000000,0,0,0,0,0,0,0,0,0,0,0,1,0,49.85962099999597,49.85962099999597,49.85962099999597,49.85962099999597,1746.0
1788008367,20,GET,/projects/{id},0.100000,0.000000,9,9,9,9,9,9,9,9,9,9,9,13,0,10,11.265733307692035,6.99340699975437,27.011442000002717,1649.5384615384614
1788008367,20,GET,/projects/{id}/tasks [bot],0.600000,0.000000,19,20,20,20,24,24,24,24,24,24,24,20,0,18,19.002003300056458,13.754137999967497,24.62353000009898,28768.5
1788008367,20,POST,/projects/{id}/tasks [create],0.000000,0.000000,0,0,0,0,0,0,0,0,0,0,0,1,0,38.670979000016814,38.670979000016814,38.670979000016814,38.670979000016814,719.0
1788008367,20,GET,/projects/{id}/views/{view}/buckets/tasks [kanban],0.000000,0.000000,0,0,0,0,0,0,0,0,0,0,0,5,0,20,20.50321159986197,18.601945999762393,22.76642500055459,40120.6
1788008367,20,GET,/projects/{id}/views/{view}/tasks [list],0.200000,0.000000,24,24,24,24,24,24,24,24,24,24,24,15,0,23,22.742901400003273,14.957696000237775,30.55599599974812,20344.066666666666
1788008367,20,GET,/tasks [bot],0.000000,0.000000,25,25,25,25,25,25,25,25,25,25,25,4,0,28,61.404467249758454,24.822803999995813,163.26392399969336,79349.0
1788008367,20,GET,/tasks [home],0.000000,0.000000,26,26,26,26,26,26,26,26,26,26,26,20,0,24,26.07908949994453,15.031994999844756,44.8293970002851,39874.65
1788008367,20,GET,/tasks/{id},0.100000,0.000000,24,24,24,24,24,24,24,24,24,24,24,4,0,23,23.108716749675295,15.272396999534976,29.97373299967876,1154.75
1788008367,20,GET,/tasks/{id} [bot],2.200000,0.000000,17,18,20,20,24,25,25,25,25,25,25,71,0,17,20.938964450745605,11.723516000529344,118.91155400007847,972.5352112676056
1788008367,20,PATCH,/tasks/{id} [patch],0.000000,0.000000,24,24,24,24,24,24,24,24,24,24,24,2,0,24,25.25472549996266,23.75692299938237,26.752528000542952,395.5
1788008367,20,GET,/tasks/{id}/comments,0.100000,0.000000,8,8,8,8,8,8,8,8,8,8,8,4,0,8,7.957178999959069,7.336722000218288,8.384407000448846,137.0
1788008367,20,POST,/tasks/{id}/labels [add],0.000000,0.000000,0,0,0,0,0,0,0,0,0,0,0,1,0,21.141725000234146,21.141725000234146,21.141725000234146,21.141725000234146,59.0
1788008367,20,PUT,/tasks/{id}/read,0.100000,0.000000,2,2,2,2,2,2,2,2,2,2,2,4,0,2,1.88213525007086,1.1479250006232178,2.237560000139638,93.0
1788008367,20,GET,/user,0.000000,0.000000,0,0,0,0,0,0,0,0,0,0,0,17,0,7,15.823874470537275,2.5078779999603285,53.642600999410206,594.7058823529412
1788008367,20,WS,connect+auth+subscribe,0.000000,0.000000,0,0,0,0,0,0,0,0,0,0,0,17,0,4,4.406354006598978,2.181529998779297,8.179664611816406,0.0
1788008367,20,,Aggregated,4.000000,0.000000,18,20,21,24,24,25,50,50,50,50,50,328,0,18,42.43089655827456,0.6950150000193389,369.012326000302,8395.503048780487
1788008368,20,GET,/avatar/{username},0.300000,0.000000,2,2,2,2,2,2,2,2,2,2,2,45,0,2,2.0766763111775313,1.3023339997744188,4.926747999888903,277.0
1788008368,20,GET,/info,0.000000,0.000000,0,0,0,0,0,0,0,0,0,0,0,17,0,1,2.256086705850013,0.6950150000193389,6.604647999665758,851.0
1788008368,20,GET,/labels,0.000000,0.000000,0,0,0,0,0,0,0,0,0,0,0,17,0,41,38.41685141169899,18.131382999854395,56.93368899937923,2857.294117647059
1788008368,20,POST,/login,0.000000,0.000000,0,0,0,0,0,0,0,0,0,0,0,29,0,310,275.3323935172563,122.94386299981852,369.012326000302,381.0689655172414
1788008368,20,GET,/projects,0.000000,0.000000,0,0,0,0,0,0,0,0,0,0,0,17,0,50,71.47968788237503,27.641516000585398,124.89350099986041,17370.941176470587
1788008368,20,GET,/projects [bot],0.300000,0.000000,20,20,20,20,20,20,20,20,20,20,20,4,0,18,18.18537150006705,16.775387000052433,19.763376999435422,16595.25
1788008368,20,POST,/projects [create],0.000000,0.000000,50,50,50,50,50,50,50,50,50,50,50,1,0,49.85962099999597,49.85962099999597,49.85962099999597,49.85962099999597,1746.0
1788008368,20,GET,/projects/{id},0.100000,0.000000,9,9,9,9,9,9,9,9,9,9,9,13,0,10,11.265733307692035,6.99340699975437,27.011442000002717,1649.5384615384614
1788008368,20,GET,/projects/{id}/tasks [bot],0.600000,0.000000,20,20,20,20,24,24,24,24,24,24,24,21,0,19,19.067446904825506,13.754137999967497,24.62353000009898,29311.238095238095
1788008368,20,POST,/projects/{id}/tasks [create],0.000000,0.000000,0,0,0,0,0,0,0,0,0,0,0,1,0,38.670979000016814,38.670979000016814,38.670979000016814,38.670979000016814,719.0
1788008368,20,GET,/projects/{id}/views/{view}/buckets/tasks [kanban],0.000000,0.000000,0,0,0,0,0,0,0,0,0,0,0,5,0,20,20.50321159986197,18.601945999762393,22.76642500055459,40120.6
1788008368,20,GET,/projects/{id}/views/{view}/tasks [list],0.200000,0.000000,24,24,24,24,24,24,24,24,24,24,24,15,0,23,22.742901400003273,14.957696000237775,30.55599599974812,20344.066666666666
1788008368,20,GET,/tasks [bot],0.000000,0.000000,25,25,25,25,25,25,25,25,25,25,25,4,0,28,61.404467249758454,24.822803999995813,163.26392399969336,79349.0
1788008368,20,GET,/tasks [home],0.000000,0.000000,26,26,26,26,26,26,26,26,26,26,26,20,0,24,26.07908949994453,15.031994999844756,44.8293970002851,39874.65
1788008368,20,GET,/tasks/{id},0.100000,0.000000,24,24,24,24,24,24,24,24,24,24,24,4,0,23,23.108716749675295,15.272396999534976,29.97373299967876,1154.75
1788008368,20,GET,/tasks/{id} [bot],2.200000,0.000000,17,18,20,20,24,25,25,25,25,25,25,73,0,17,20.765355794562673,11.723516000529344,118.91155400007847,973.4931506849315
1788008368,20,PATCH,/tasks/{id} [patch],0.100000,0.000000,24,24,24,24,24,24,24,24,24,24,24,2,0,24,25.25472549996266,23.75692299938237,26.752528000542952,395.5
1788008368,20,GET,/tasks/{id}/comments,0.100000,0.000000,8,8,8,8,8,8,8,8,8,8,8,4,0,8,7.957178999959069,7.336722000218288,8.384407000448846,137.0
1788008368,20,POST,/tasks/{id}/labels [add],0.000000,0.000000,0,0,0,0,0,0,0,0,0,0,0,1,0,21.141725000234146,21.141725000234146,21.141725000234146,21.141725000234146,59.0
1788008368,20,PUT,/tasks/{id}/read,0.100000,0.000000,2,2,2,2,2,2,2,2,2,2,2,4,0,2,1.88213525007086,1.1479250006232178,2.237560000139638,93.0
1788008368,20,GET,/user,0.000000,0.000000,0,0,0,0,0,0,0,0,0,0,0,17,0,7,15.823874470537275,2.5078779999603285,53.642600999410206,594.7058823529412
1788008368,20,WS,connect+auth+subscribe,0.000000,0.000000,0,0,0,0,0,0,0,0,0,0,0,17,0,4,4.406354006598978,2.181529998779297,8.179664611816406,0.0
1788008368,20,,Aggregated,4.100000,0.000000,18,20,21,24,24,25,50,50,50,50,50,331,0,18,42.1961174837293,0.6950150000193389,369.012326000302,8446.84592145015
1788008369,20,GET,/avatar/{username},0.300000,0.000000,2,2,2,2,2,2,2,2,2,2,2,45,0,2,2.0766763111775313,1.3023339997744188,4.926747999888903,277.0
1788008369,20,GET,/info,0.000000,0.000000,0,0,0,0,0,0,0,0,0,0,0,17,0,1,2.256086705850013,0.6950150000193389,6.604647999665758,851.0
1788008369,20,GET,/labels,0.000000,0.000000,0,0,0,0,0,0,0,0,0,0,0,17,0,41,38.41685141169899,18.131382999854395,56.93368899937923,2857.294117647059
1788008369,20,POST,/login,0.000000,0.000000,0,0,0,0,0,0,0,0,0,0,0,29,0,310,275.3323935172563,122.94386299981852,369.012326000302,381.0689655172414
1788008369,20,GET,/projects,0.000000,0.000000,0,0,0,0,0,0,0,0,0,0,0,17,0,50,71.47968788237503,27.641516000585398,124.89350099986041,17370.941176470587
1788008369,20,GET,/projects [bot],0.300000,0.000000,20,20,20,20,20,20,20,20,20,20,20,4,0,18,18.18537150006705,16.775387000052433,19.763376999435422,16595.25
1788008369,20,POST,/projects [create],0.100000,0.000000,50,50,50,50,50,50,50,50,50,50,50,1,0,49.85962099999597,49.85962099999597,49.85962099999597,49.85962099999597,1746.0
1788008369,20,GET,/projects/{id},0.100000,0.000000,9,9,9,9,9,9,9,9,9,9,9,13,0,10,11.265733307692035,6.99340699975437,27.011442000002717,1649.5384615384614
1788008369,20,GET,/projects/{id}/tasks [bot],0.700000,0.000000,19,20,20,20,24,24,24,24,24,24,24,22,0,19,19.081956545505818,13.754137999967497,24.62353000009898,28683.727272727272
1788008369,20,POST,/projects/{id}/tasks [create],0.000000,0.000000,39,39,39,39,39,39,39,39,39,39,39,1,0,38.670979000016814,38.670979000016814,38.670979000016814,38.670979000016814,719.0
1788008369,20,GET,/projects/{id}/views/{view}/buckets/tasks [kanban],0.000000,0.000000,0,0,0,0,0,0,0,0,0,0,0,5,0,20,20.50321159986197,18.601945999762393,22.76642500055459,40120.6
1788008369,20,GET,/projects/{id}/views/{view}/tasks [list],0.200000,0.000000,24,24,24,24,24,24,24,24,24,24,24,15,0,23,22.742901400003273,14.957696000237775,30.55599599974812,20344.066666666666
1788008369,20,GET,/tasks [bot],0.100000,0.000000,31,31,31,31,31,31,31,31,31,31,31,5,0,30,55.401012799848104,24.822803999995813,163.26392399969336,79286.2
1788008369,20,GET,/tasks [home],0.000000,0.000000,26,26,26,26,26,26,26,26,26,26,26,20,0,24,26.07908949994453,15.031994999844756,44.8293970002851,39874.65
1788008369,20,GET,/tasks/{id},0.100000,0.000000,24,24,24,24,24,24,24,24,24,24,24,4,0,23,23.108716749675295,15.272396999534976,29.97373299967876,1154.75
1788008369,20,GET,/tasks/{id} [bot],2.100000,0.000000,17,18,20,20,24,25,25,25,25,25,25,75,0,17,20.652701866699015,11.723516000529344,118.91155400007847,971.8266666666667
1788008369,20,PATCH,/tasks/{id} [patch],0.100000,0.000000,24,24,24,24,24,24,24,24,24,24,24,2,0,24,25.25472549996266,23.75692299938237,26.752528000542952,395.5
1788008369,20,GET,/tasks/{id}/comments,0.100000,0.000000,8,8,8,8,8,8,8,8,8,8,8,4,0,8,7.957178999959069,7.336722000218288,8.384407000448846,137.0
1788008369,20,POST,/tasks/{id}/labels [add],0.000000,0.000000,0,0,0,0,0,0,0,0,0,0,0,1,0,21.141725000234146,21.141725000234146,21.141725000234146,21.141725000234146,59.0
1788008369,20,PUT,/tasks/{id}/read,0.100000,0.000000,2,2,2,2,2,2,2,2,2,2,2,4,0,2,1.88213525007086,1.1479250006232178,2.237560000139638,93.0
1788008369,20,GET,/user,0.000000,0.000000,0,0,0,0,0,0,0,0,0,0,0,17,0,7,15.823874470537275,2.5078779999603285,53.642600999410206,594.7058823529412
1788008369,20,WS,connect+auth+subscribe,0.000000,0.000000,0,0,0,0,0,0,0,0,0,0,0,17,0,4,4.406354006598978,2.181529998779297,8.179664611816406,0.0
1788008369,20,,Aggregated,4.300000,0.000000,18,20,23,24,25,31,50,50,50,50,50,335,0,18,41.94259823317537,0.6950150000193389,369.012326000302,8633.63880597015
1788008370,20,GET,/avatar/{username},0.300000,0.000000,2,2,2,2,2,2,2,2,2,2,2,45,0,2,2.0766763111775313,1.3023339997744188,4.926747999888903,277.0
1788008370,20,GET,/info,0.000000,0.000000,0,0,0,0,0,0,0,0,0,0,0,17,0,1,2.256086705850013,0.6950150000193389,6.604647999665758,851.0
1788008370,20,GET,/labels,0.000000,0.000000,0,0,0,0,0,0,0,0,0,0,0,17,0,41,38.41685141169899,18.131382999854395,56.93368899937923,2857.294117647059
1788008370,20,POST,/login,0.000000,0.000000,0,0,0,0,0,0,0,0,0,0,0,29,0,310,275.3323935172563,122.94386299981852,369.012326000302,381.0689655172414
1788008370,20,GET,/projects,0.000000,0.000000,0,0,0,0,0,0,0,0,0,0,0,17,0,50,71.47968788237503,27.641516000585398,124.89350099986041,17370.941176470587
1788008370,20,GET,/projects [bot],0.300000,0.000000,20,20,20,20,20,20,20,20,20,20,20,4,0,18,18.18537150006705,16.775387000052433,19.763376999435422,16595.25
1788008370,20,POST,/projects [create],0.100000,0.000000,50,50,50,50,50,50,50,50,50,50,50,1,0,49.85962099999597,49.85962099999597,49.85962099999597,49.85962099999597,1746.0
1788008370,20,GET,/projects/{id},0.100000,0.000000,9,9,9,9,9,9,9,9,9,9,9,13,0,10,11.265733307692035,6.99340699975437,27.011442000002717,1649.5384615384614
1788008370,20,GET,/projects/{id}/tasks [bot],0.800000,0.000000,19,19,20,20,24,24,24,24,24,24,24,24,0,19,19.019130750014785,13.754137999967497,24.62353000009898,28587.333333333332
1788008370,20,POST,/projects/{id}/tasks [create],0.100000,0.000000,39,39,39,39,39,39,39,39,39,39,39,1,0,38.670979000016814,38.670979000016814,38.670979000016814,38.670979000016814,719.0
1788008370,20,GET,/projects/{id}/views/{view}/buckets/tasks [kanban],0.000000,0.000000,0,0,0,0,0,0,0,0,0,0,0,5,0,20,20.50321159986197,18.601945999762393,22.76642500055459,40120.6
1788008370,20,PUT,/projects/{id}/views/{view}/buckets/{bucket}/tasks [move],0.000000,0.000000,0,0,0,0,0,0,0,0,0,0,0,1,0,9.567078000145557,9.567078000145557,9.567078000145557,9.567078000145557,81.0
1788008370,20,GET,/projects/{id}/views/{view}/tasks [list],0.200000,0.000000,24,24,24,24,24,24,24,24,24,24,24,15,0,23,22.742901400003273,14.957696000237775,30.55599599974812,20344.066666666666
1788008370,20,GET,/tasks [bot],0.100000,0.000000,31,31,31,31,31,31,31,31,31,31,31,5,0,30,55.401012799848104,24.822803999995813,163.26392399969336,79286.2
1788008370,20,GET,/tasks [home],0.000000,0.000000,26,26,26,26,26,26,26,26,26,26,26,20,0,24,26.07908949994453,15.031994999844756,44.8293970002851,39874.65
1788008370,20,GET,/tasks/{id},0.100000,0.000000,24,24,24,24,24,24,24,24,24,24,24,4,0,23,23.108716749675295,15.272396999534976,29.97373299967876,1154.75
1788008370,20,GET,/tasks/{id} [bot],2.000000,0.000000,17,18,20,20,24,25,25,25,25,25,25,77,0,17,20.545449623403496,11.723516000529344,118.91155400007847,969.3506493506494
1788008370,20,PATCH,/tasks/{id} [patch],0.100000,0.000000,24,24,24,24,24,24,24,24,24,24,24,2,0,24,25.25472549996266,23.75692299938237,26.752528000542952,395.5
1788008370,20,GET,/tasks/{id}/comments,0.100000,0.000000,8,8,8,8,8,8,8,8,8,8,8,4,0,8,7.957178999959069,7.336722000218288,8.384407000448846,137.0
1788008370,20,POST,/tasks/{id}/labels [add],0.000000,0.000000,0,0,0,0,0,0,0,0,0,0,0,1,0,21.141725000234146,21.141725000234146,21.141725000234146,21.141725000234146,59.0
1788008370,20,PUT,/tasks/{id}/position,0.000000,0.000000,0,0,0,0,0,0,0,0,0,0,0,1,0,8.278690000224742,8.278690000224742,8.278690000224742,8.278690000224742,68.0
1788008370,20,PUT,/tasks/{id}/read,0.100000,0.000000,2,2,2,2,2,2,2,2,2,2,2,4,0,2,1.88213525007086,1.1479250006232178,2.237560000139638,93.0
1788008370,20,GET,/user,0.000000,0.000000,0,0,0,0,0,0,0,0,0,0,0,17,0,7,15.823874470537275,2.5078779999603285,53.642600999410206,594.7058823529412
1788008370,20,WS,connect+auth+subscribe,0.000000,0.000000,0,0,0,0,0,0,0,0,0,0,0,17,0,4,4.406354006598978,2.181529998779297,8.179664611816406,0.0
1788008370,20,,Aggregated,4.400000,0.000000,19,20,21,24,25,39,50,50,50,50,50,341,0,18,41.46134677745744,0.6950150000193389,369.012326000302,8648.75366568915
1788008371,20,GET,/avatar/{username},0.300000,0.000000,2,2,2,2,2,2,2,2,2,2,2,45,0,2,2.0766763111775313,1.3023339997744188,4.926747999888903,277.0
1788008371,20,GET,/info,0.000000,0.000000,0,0,0,0,0,0,0,0,0,0,0,17,0,1,2.256086705850013,0.6950150000193389,6.604647999665758,851.0
1788008371,20,GET,/labels,0.000000,0.000000,0,0,0,0,0,0,0,0,0,0,0,17,0,41,38.41685141169899,18.131382999854395,56.93368899937923,2857.294117647059
1788008371,20,POST,/login,0.000000,0.000000,0,0,0,0,0,0,0,0,0,0,0,29,0,310,275.3323935172563,122.94386299981852,369.012326000302,381.0689655172414
1788008371,20,GET,/projects,0.000000,0.000000,0,0,0,0,0,0,0,0,0,0,0,17,0,50,71.47968788237503,27.641516000585398,124.89350099986041,17370.941176470587
1788008371,20,GET,/projects [bot],0.200000,0.000000,20,20,20,20,20,20,20,20,20,20,20,4,0,18,18.18537150006705,16.775387000052433,19.763376999435422,16595.25
1788008371,20,POST,/projects [create],0.100000,0.000000,50,50,50,50,50,50,50,50,50,50,50,1,0,49.85962099999597,49.85962099999597,49.85962099999597,49.85962099999597,1746.0
1788008371,20,GET,/projects/{id},0.100000,0.000000,9,9,9,9,9,9,9,9,9,9,9,13,0,10,11.265733307692035,6.99340699975437,27.011442000002717,1649.5384615384614
1788008371,20,GET,/projects/{id}/tasks [bot],0.800000,0.000000,19,19,20,20,24,24,24,24,24,24,24,26,0,19,18.996532884627342,13.754137999967497,24.62353000009898,28512.73076923077
1788008371,20,POST,/projects/{id}/tasks [create],0.100000,0.000000,39,39,39,39,39,39,39,39,39,39,39,1,0,38.670979000016814,38.670979000016814,38.670979000016814,38.670979000016814,719.0
1788008371,20,GET,/projects/{id}/views/{view}/buckets/tasks [kanban],0.000000,0.000000,0,0,0,0,0,0,0,0,0,0,0,5,0,20,20.50321159986197,18.601945999762393,22.76642500055459,40120.6
1788008371,20,PUT,/projects/{id}/views/{view}/buckets/{bucket}/tasks [move],0.000000,0.000000,0,0,0,0,0,0,0,0,0,0,0,1,0,9.567078000145557,9.567078000145557,9.567078000145557,9.567078000145557,81.0
1788008371,20,GET,/projects/{id}/views/{view}/tasks [list],0.200000,0.000000,24,24,24,24,24,24,24,24,24,24,24,15,0,23,22.742901400003273,14.957696000237775,30.55599599974812,20344.066666666666
1788008371,20,GET,/tasks [bot],0.200000,0.000000,31,31,31,31,31,31,31,31,31,31,31,5,0,30,55.401012799848104,24.822803999995813,163.26392399969336,79286.2
1788008371,20,GET,/tasks [home],0.000000,0.000000,0,0,0,0,0,0,0,0,0,0,0,20,0,24,26.07908949994453,15.031994999844756,44.8293970002851,39874.65
1788008371,20,GET,/tasks/{id},0.100000,0.000000,24,24,24,24,24,24,24,24,24,24,24,4,0,23,23.108716749675295,15.272396999534976,29.97373299967876,1154.75
1788008371,20,GET,/tasks/{id} [bot],1.900000,0.000000,17,19,20,20,24,25,25,25,25,25,25,78,0,17,20.540116743620437,11.723516000529344,118.91155400007847,968.1923076923077
1788008371,20,PATCH,/tasks/{id} [patch],0.100000,0.000000,24,24,24,24,24,24,24,24,24,24,24,2,0,24,25.25472549996266,23.75692299938237,26.752528000542952,395.5
1788008371,20,GET,/tasks/{id}/comments,0.100000,0.000000,8,8,8,8,8,8,8,8,8,8,8,4,0,8,7.957178999959069,7.336722000218288,8.384407000448846,137.0
1788008371,20,POST,/tasks/{id}/labels [add],0.000000,0.000000,0,0,0,0,0,0,0,0,0,0,0,1,0,21.141725000234146,21.141725000234146,21.141725000234146,21.141725000234146,59.0
1788008371,20,PUT,/tasks/{id}/position,0.000000,0.000000,0,0,0,0,0,0,0,0,0,0,0,1,0,8.278690000224742,8.278690000224742,8.278690000224742,8.278690000224742,68.0
1788008371,20,PUT,/tasks/{id}/read,0.100000,0.000000,2,2,2,2,2,2,2,2,2,2,2,4,0,2,1.88213525007086,1.1479250006232178,2.237560000139638,93.0
1788008371,20,GET,/user,0.000000,0.000000,0,0,0,0,0,0,0,0,0,0,0,17,0,7,15.823874470537275,2.5078779999603285,53.642600999410206,594.7058823529412
1788008371,20,WS,connect+auth+subscribe,0.000000,0.000000,0,0,0,0,0,0,0,0,0,0,0,17,0,4,4.406354006598978,2.181529998779297,8.179664611816406,0.0
1788008371,20,,Aggregated,4.300000,0.000000,19,20,21,24,25,39,50,50,50,50,50,344,0,18,41.26714957300369,0.6950150000193389,369.012326000302,8736.45058139535
1788008372,20,GET,/avatar/{username},0.300000,0.000000,2,2,3,3,3,3,3,3,3,3,3,48,0,2,2.096855750096438,1.3023339997744188,4.926747999888903,277.0
1788008372,20,GET,/info,0.000000,0.000000,0,0,0,0,0,0,0,0,0,0,0,17,0,1,2.256086705850013,0.6950150000193389,6.604647999665758,851.0
1788008372,20,GET,/labels,0.000000,0.000000,0,0,0,0,0,0,0,0,0,0,0,17,0,41,38.41685141169899,18.131382999854395,56.93368899937923,2857.294117647059
1788008372,20,POST,/login,0.000000,0.000000,0,0,0,0,0,0,0,0,0,0,0,29,0,310,275.3323935172563,122.94386299981852,369.012326000302,381.0689655172414
1788008372,20,GET,/projects,0.000000,0.000000,0,0,0,0,0,0,0,0,0,0,0,17,0,50,71.47968788237503,27.641516000585398,124.89350099986041,17370.941176470587
1788008372,20,GET,/projects [bot],0.100000,0.000000,20,20,20,20,20,20,20,20,20,20,20,5,0,18,17.870014400068612,16.608586000074865,19.763376999435422,16441.4
1788008372,20,POST,/projects [create],0.100000,0.000000,50,50,50,50,50,50,50,50,50,50,50,1,0,49.85962099999597,49.85962099999597,49.85962099999597,49.85962099999597,1746.0
1788008372,20,GET,/projects/{id},0.100000,0.000000,12,12,12,12,12,12,12,12,12,12,12,14,0,10,11.283083285694115,6.99340699975437,27.011442000002717,1649.2142857142858
1788008372,20,GET,/projects/{id}/tasks [bot],0.700000,0.000000,19,19,20,20,20,24,24,24,24,24,24,27,0,19,18.87029533332275,13.754137999967497,24.62353000009898,28031.0
1788008372,20,POST,/projects/{id}/tasks [create],0.100000,0.000000,39,39,39,39,39,39,39,39,39,39,39,1,0,38.670979000016814,38.670979000016814,38.670979000016814,38.670979000016814,719.0
1788008372,20,GET,/projects/{id}/views/{view}/buckets/tasks [kanban],0.000000,0.000000,0,0,0,0,0,0,0,0,0,0,0,5,0,20,20.50321159986197,18.601945999762393,22.76642500055459,40120.6
1788008372,20,PUT,/projects/{id}/views/{view}/buckets/{bucket}/tasks [move],0.000000,0.000000,10,10,10,10,10,10,10,10,10,10,10,1,0,9.567078000145557,9.567078000145557,9.567078000145557,9.567078000145557,81.0
1788008372,20,GET,/projects/{id}/views/{view}/tasks [list],0.200000,0.000000,24,24,24,24,24,24,24,24,24,24,24,16,0,23,22.81373299996403,14.957696000237775,30.55599599974812,20342.3125
1788008372,20,GET,/tasks [bot],0.200000,0.000000,31,31,31,31,31,31,31,31,31,31,31,5,0,30,55.401012799848104,24.822803999995813,163.26392399969336,79286.2
1788008372,20,GET,/tasks [home],0.000000,0.000000,0,0,0,0,0,0,0,0,0,0,0,20,0,24,26.07908949994453,15.031994999844756,44.8293970002851,39874.65
1788008372,20,GET,/tasks/{id},0.100000,0.000000,24,24,24,24,24,24,24,24,24,24,24,4,0,23,23.108716749675295,15.272396999534976,29.97373299967876,1154.75
1788008372,20,GET,/tasks/{id} [bot],2.000000,0.000000,17,18,20,21,24,25,25,25,25,25,25,78,0,17,20.540116743620437,11.723516000529344,118.91155400007847,968.1923076923077
1788008372,20,PATCH,/tasks/{id} [patch],0.100000,0.000000,24,24,24,24,24,24,24,24,24,24,24,2,0,24,25.25472549996266,23.75692299938237,26.752528000542952,395.5
1788008372,20,GET,/tasks/{id}/comments,0.100000,0.000000,8,8,8,8,8,8,8,8,8,8,8,4,0,8,7.957178999959069,7.336722000218288,8.384407000448846,137.0
1788008372,20,POST,/tasks/{id}/labels [add],0.000000,0.000000,0,0,0,0,0,0,0,0,0,0,0,1,0,21.141725000234146,21.141725000234146,21.141725000234146,21.141725000234146,59.0
1788008372,20,PUT,/tasks/{id}/position,0.000000,0.000000,8,8,8,8,8,8,8,8,8,8,8,1,0,8.278690000224742,8.278690000224742,8.278690000224742,8.278690000224742,68.0
1788008372,20,PUT,/tasks/{id}/read,0.100000,0.000000,2,2,2,2,2,2,2,2,2,2,2,4,0,2,1.88213525007086,1.1479250006232178,2.237560000139638,93.0
1788008372,20,GET,/user,0.000000,0.000000,0,0,0,0,0,0,0,0,0,0,0,17,0,7,15.823874470537275,2.5078779999603285,53.642600999410206,594.7058823529412
1788008372,20,WS,connect+auth+subscribe,0.000000,0.000000,0,0,0,0,0,0,0,0,0,0,0,17,0,4,4.406354006598978,2.181529998779297,8.179664611816406,0.0
1788008372,20,,Aggregated,4.200000,0.000000,18,20,21,24,25,39,50,50,50,50,50,351,0,18,40.657206951890274,0.6950150000193389,369.012326000302,8716.418803418803
1788008373,20,GET,/avatar/{username},0.000000,0.000000,2,2,3,3,3,3,3,3,3,3,3,48,0,2,2.096855750096438,1.3023339997744188,4.926747999888903,277.0
1788008373,20,GET,/info,0.000000,0.000000,0,0,0,0,0,0,0,0,0,0,0,17,0,1,2.256086705850013,0.6950150000193389,6.604647999665758,851.0
1788008373,20,GET,/labels,0.000000,0.000000,0,0,0,0,0,0,0,0,0,0,0,17,0,41,38.41685141169899,18.131382999854395,56.93368899937923,2857.294117647059
1788008373,20,POST,/login,0.000000,0.000000,0,0,0,0,0,0,0,0,0,0,0,29,0,310,275.3323935172563,122.94386299981852,369.012326000302,381.0689655172414
1788008373,20,GET,/projects,0.000000,0.000000,0,0,0,0,0,0,0,0,0,0,0,17,0,50,71.47968788237503,27.641516000585398,124.89350099986041,17370.941176470587
1788008373,20,GET,/projects [bot],0.100000,0.000000,20,20,20,20,20,20,20,20,20,20,20,5,0,18,17.870014400068612,16.608586000074865,19.763376999435422,16441.4
1788008373,20,POST,/projects [create],0.100000,0.000000,50,50,50,50,50,50,50,50,50,50,50,1,0,49.85962099999597,49.85962099999597,49.85962099999597,49.85962099999597,1746.0
1788008373,20,GET,/projects/{id},0.000000,0.000000,12,12,12,12,12,12,12,12,12,12,12,14,0,10,11.283083285694115,6.99340699975437,27.011442000002717,1649.2142857142858
1788008373,20,GET,/projects/{id}/tasks [bot],0.900000,0.000000,19,19,20,20,20,24,24,24,24,24,24,28,0,18,18.82960024996854,13.754137999967497,24.62353000009898,27608.25
1788008373,20,POST,/projects/{id}/tasks [create],0.100000,0.000000,39,39,39,39,39,39,39,39,39,39,39,1,0,38.670979000016814,38.670979000016814,38.670979000016814,38.670979000016814,719.0
1788008373,20,GET,/projects/{id}/views/{view}/buckets/tasks [kanban],0.000000,0.000000,0,0,0,0,0,0,0,0,0,0,0,5,0,20,20.50321159986197,18.601945999762393,22.76642500055459,40120.6
1788008373,20,PUT,/projects/{id}/views/{view}/buckets/{bucket}/tasks [move],0.100000,0.000000,10,10,10,10,10,10,10,10,10,10,10,1,0,9.567078000145557,9.567078000145557,9.567078000145557,9.567078000145557,81.0
1788008373,20,GET,/projects/{id}/views/{view}/tasks [list],0.000000,0.000000,24,24,24,24,24,24,24,24,24,24,24,16,0,23,22.81373299996403,14.957696000237775,30.55599599974812,20342.3125
1788008373,20,GET,/tasks [bot],0.200000,0.000000,31,31,31,31,31,31,31,31,31,31,31,5,0,30,55.401012799848104,24.822803999995813,163.26392399969336,79286.2
1788008373,20,GET,/tasks [home],0.000000,0.000000,0,0,0,0,0,0,0,0,0,0,0,20,0,24,26.07908949994453,15.031994999844756,44.8293970002851,39874.65
1788008373,20,GET,/tasks/{id},0.000000,0.000000,24,24,24,24,24,24,24,24,24,24,24,4,0,23,23.108716749675295,15.272396999534976,29.97373299967876,1154.75
1788008373,20,GET,/tasks/{id} [bot],2.000000,0.000000,18,20,20,21,24,25,25,25,25,25,25,80,0,17,20.482274837524983,11.723516000529344,118.91155400007847,965.9125
1788008373,20,PATCH,/tasks/{id} [patch],0.100000,0.000000,24,24,24,24,24,24,24,24,24,24,24,2,0,24,25.25472549996266,23.75692299938237,26.752528000542952,395.5
1788008373,20,GET,/tasks/{id}/comments,0.000000,0.000000,8,8,8,8,8,8,8,8,8,8,8,4,0,8,7.957178999959069,7.336722000218288,8.384407000448846,137.0
1788008373,20,POST,/tasks/{id}/labels [add],0.000000,0.000000,0,0,0,0,0,0,0,0,0,0,0,1,0,21.141725000234146,21.141725000234146,21.141725000234146,21.141725000234146,59.0
1788008373,20,PUT,/tasks/{id}/position,0.100000,0.000000,8,8,8,8,8,8,8,8,8,8,8,1,0,8.278690000224742,8.278690000224742,8.278690000224742,8.278690000224742,68.0
1788008373,20,PUT,/tasks/{id}/read,0.000000,0.000000,2,2,2,2,2,2,2,2,2,2,2,4,0,2,1.88213525007086,1.1479250006232178,2.237560000139638,93.0
1788008373,20,GET,/user,0.000000,0.000000,0,0,0,0,0,0,0,0,0,0,0,17,0,7,15.823874470537275,2.5078779999603285,53.642600999410206,594.7058823529412
1788008373,20,WS,connect+auth+subscribe,0.000000,0.000000,0,0,0,0,0,0,0,0,0,0,0,17,0,4,4.406354006598978,2.181529998779297,8.179664611816406,0.0
1788008373,20,,Aggregated,3.700000,0.000000,18,20,20,24,25,39,50,50,50,50,50,354,0,18,40.46571568958332,0.6950150000193389,369.012326000302,8693.25141242938
1788008374,20,GET,/avatar/{username},0.000000,0.000000,2,2,3,3,3,3,3,3,3,3,3,48,0,2,2.096855750096438,1.3023339997744188,4.926747999888903,277.0
1788008374,20,GET,/info,0.000000,0.000000,0,0,0,0,0,0,0,0,0,0,0,17,0,1,2.256086705850013,0.6950150000193389,6.604647999665758,851.0
1788008374,20,GET,/labels,0.000000,0.000000,0,0,0,0,0,0,0,0,0,0,0,17,0,41,38.41685141169899,18.131382999854395,56.93368899937923,2857.294117647059
1788008374,20,POST,/login,0.000000,0.000000,0,0,0,0,0,0,0,0,0,0,0,29,0,310,275.3323935172563,122.94386299981852,369.012326000302,381.0689655172414
1788008374,20,GET,/projects,0.000000,0.000000,0,0,0,0,0,0,0,0,0,0,0,17,0,50,71.47968788237503,27.641516000585398,124.89350099986041,17370.941176470587
1788008374,20,GET,/projects [bot],0.000000,0.000000,20,20,20,20,20,20,20,20,20,20,20,5,0,18,17.870014400068612,16.608586000074865,19.763376999435422,16441.4
1788008374,20,POST,/projects [create],0.100000,0.000000,50,50,50,50,50,50,50,50,50,50,50,1,0,49.85962099999597,49.85962099999597,49.85962099999597,49.85962099999597,1746.0
1788008374,20,GET,/projects/{id},0.000000,0.000000,12,12,12,12,12,12,12,12,12,12,12,14,0,10,11.283083285694115,6.99340699975437,27.011442000002717,1649.2142857142858
1788008374,20,GET,/projects/{id}/tasks [bot],1.000000,0.000000,19,19,19,19,20,20,20,20,20,20,20,29,0,18,18.81111641376202,13.754137999967497,24.62353000009898,27198.137931034482
1788008374,20,POST,/projects/{id}/tasks [create],0.100000,0.000000,39,39,39,39,39,39,39,39,39,39,39,1,0,38.670979000016814,38.670979000016814,38.670979000016814,38.670979000016814,719.0
1788008374,20,GET,/projects/{id}/views/{view}/buckets/tasks [kanban],0.000000,0.000000,0,0,0,0,0,0,0,0,0,0,0,5,0,20,20.50321159986197,18.601945999762393,22.76642500055459,40120.6
1788008374,20,PUT,/projects/{id}/views/{view}/buckets/{bucket}/tasks [move],0.100000,0.000000,10,10,10,10,10,10,10,10,10,10,10,1,0,9.567078000145557,9.567078000145557,9.567078000145557,9.567078000145557,81.0
1788008374,20,GET,/projects/{id}/views/{view}/tasks [list],0.000000,0.000000,24,24,24,24,24,24,24,24,24,24,24,16,0,23,22.81373299996403,14.957696000237775,30.55599599974812,20342.3125
1788008374,20,GET,/tasks [bot],0.200000,0.000000,31,31,31,31,31,31,31,31,31,31,31,5,0,30,55.401012799848104,24.822803999995813,163.26392399969336,79286.2
1788008374,20,GET,/tasks [home],0.000000,0.000000,0,0,0,0,0,0,0,0,0,0,0,20,0,24,26.07908949994453,15.031994999844756,44.8293970002851,39874.65
1788008374,20,GET,/tasks/{id},0.000000,0.000000,24,24,24,24,24,24,24,24,24,24,24,4,0,23,23.108716749675295,15.272396999534976,29.97373299967876,1154.75
1788008374,20,GET,/tasks/{id} [bot],1.700000,0.000000,17,18,20,20,24,25,25,25,25,25,25,81,0,17,20.43493193829178,11.723516000529344,118.91155400007847,965.6296296296297
1788008374,20,PATCH,/tasks/{id} [patch],0.100000,0.000000,24,24,24,24,24,24,24,24,24,24,24,2,0,24,25.25472549996266,23.75692299938237,26.752528000542952,395.5
1788008374,20,GET,/tasks/{id}/comments,0.000000,0.000000,8,8,8,8,8,8,8,8,8,8,8,4,0,8,7.957178999959069,7.336722000218288,8.384407000448846,137.0
1788008374,20,POST,/tasks/{id}/labels [add],0.000000,0.000000,0,0,0,0,0,0,0,0,0,0,0,1,0,21.141725000234146,21.141725000234146,21.141725000234146,21.141725000234146,59.0
1788008374,20,PUT,/tasks/{id}/position,0.100000,0.000000,8,8,8,8,8,8,8,8,8,8,8,1,0,8.278690000224742,8.278690000224742,8.278690000224742,8.278690000224742,68.0
1788008374,20,PUT,/tasks/{id}/read,0.000000,0.000000,2,2,2,2,2,2,2,2,2,2,2,4,0,2,1.88213525007086,1.1479250006232178,2.237560000139638,93.0
1788008374,20,GET,/user,0.000000,0.000000,0,0,0,0,0,0,0,0,0,0,0,17,0,7,15.823874470537275,2.5078779999603285,53.642600999410206,594.7058823529412
1788008374,20,WS,connect+auth+subscribe,0.000000,0.000000,0,0,0,0,0,0,0,0,0,0,0,17,0,4,4.406354006598978,2.181529998779297,8.179664611816406,0.0
1788008374,20,,Aggregated,3.400000,0.000000,18,19,20,24,25,39,50,50,50,50,50,356,0,18,40.336529278404804,0.6950150000193389,369.012326000302,8691.205056179775
1788008375,20,GET,/avatar/{username},0.300000,0.000000,2,2,3,3,3,3,3,3,3,3,3,48,0,2,2.096855750096438,1.3023339997744188,4.926747999888903,277.0
1788008375,20,GET,/info,0.000000,0.000000,0,0,0,0,0,0,0,0,0,0,0,17,0,1,2.256086705850013,0.6950150000193389,6.604647999665758,851.0
1788008375,20,GET,/labels,0.000000,0.000000,0,0,0,0,0,0,0,0,0,0,0,17,0,41,38.41685141169899,18.131382999854395,56.93368899937923,2857.294117647059
1788008375,20,POST,/login,0.000000,0.000000,0,0,0,0,0,0,0,0,0,0,0,29,0,310,275.3323935172563,122.94386299981852,369.012326000302,381.0689655172414
1788008375,20,GET,/projects,0.000000,0.000000,0,0,0,0,0,0,0,0,0,0,0,17,0,50,71.47968788237503,27.641516000585398,124.89350099986041,17370.941176470587
1788008375,20,GET,/projects [bot],0.100000,0.000000,20,20,20,20,20,20,20,20,20,20,20,5,0,18,17.870014400068612,16.608586000074865,19.763376999435422,16441.4
1788008375,20,POST,/projects [create],0.100000,0.000000,50,50,50,50,50,50,50,50,50,50,50,1,0,49.85962099999597,49.85962099999597,49.85962099999597,49.85962099999597,1746.0
1788008375,20,GET,/projects/{id},0.100000,0.000000,12,12,12,12,12,12,12,12,12,12,12,14,0,10,11.283083285694115,6.99340699975437,27.011442000002717,1649.2142857142858
1788008375,20,GET,/projects/{id}/tasks [bot],1.100000,0.000000,18,19,19,19,19,20,20,20,20,20,20,29,0,18,18.81111641376202,13.754137999967497,24.62353000009898,27198.137931034482
1788008375,20,POST,/projects/{id}/tasks [create],0.100000,0.000000,39,39,39,39,39,39,39,39,39,39,39,1,0,38.670979000016814,38.670979000016814,38.670979000016814,38.670979000016814,719.0
1788008375,20,GET,/projects/{id}/views/{view}/buckets/tasks [kanban],0.000000,0.000000,0,0,0,0,0,0,0,0,0,0,0,5,0,20,20.50321159986197,18.601945999762393,22.76642500055459,40120.6
1788008375,20,PUT,/projects/{id}/views/{view}/buckets/{bucket}/tasks [move],0.100000,0.000000,10,10,10,10,10,10,10,10,10,10,10,1,0,9.567078000145557,9.567078000145557,9.567078000145557,9.567078000145557,81.0
1788008375,20,GET,/projects/{id}/views/{view}/tasks [list],0.100000,0.000000,24,24,24,24,24,24,24,24,24,24,24,16,0,23,22.81373299996403,14.957696000237775,30.55599599974812,20342.3125
1788008375,20,GET,/tasks [bot],0.200000,0.000000,31,31,31,31,31,31,31,31,31,31,31,5,0,30,55.401012799848104,24.822803999995813,163.26392399969336,79286.2
1788008375,20,GET,/tasks [home],0.000000,0.000000,0,0,0,0,0,0,0,0,0,0,0,20,0,24,26.07908949994453,15.031994999844756,44.8293970002851,39874.65
1788008375,20,GET,/tasks/{id},0.000000,0.000000,24,24,24,24,24,24,24,24,24,24,24,4,0,23,23.108716749675295,15.272396999534976,29.97373299967876,1154.75
1788008375,20,GET,/tasks/{id} [bot],1.400000,0.000000,18,19,20,20,24,25,25,25,25,25,25,82,0,17,20.41925134148098,11.723516000529344,118.91155400007847,964.560975609756
1788008375,20,PATCH,/tasks/{id} [patch],0.100000,0.000000,24,24,24,24,24,24,24,24,24,24,24,2,0,24,25.25472549996266,23.75692299938237,26.752528000542952,395.5
1788008375,20,GET,/tasks/{id}/comments,0.000000,0.000000,8,8,8,8,8,8,8,8,8,8,8,4,0,8,7.957178999959069,7.336722000218288,8.384407000448846,137.0
1788008375,20,POST,/tasks/{id}/labels [add],0.000000,0.000000,0,0,0,0,0,0,0,0,0,0,0,1,0,21.141725000234146,21.141725000234146,21.141725000234146,21.141725000234146,59.0
1788008375,20,PUT,/tasks/{id}/position,0.100000,0.000000,8,8,8,8,8,8,8,8,8,8,8,1,0,8.278690000224742,8.278690000224742,8.278690000224742,8.278690000224742,68.0
1788008375,20,PUT,/tasks/{id}/read,0.000000,0.000000,2,2,2,2,2,2,2,2,2,2,2,4,0,2,1.88213525007086,1.1479250006232178,2.237560000139638,93.0
1788008375,20,GET,/user,0.000000,0.000000,0,0,0,0,0,0,0,0,0,0,0,17,0,7,15.823874470537275,2.5078779999603285,53.642600999410206,594.7058823529412
1788008375,20,WS,connect+auth+subscribe,0.000000,0.000000,0,0,0,0,0,0,0,0,0,0,0,17,0,4,4.406354006598978,2.181529998779297,8.179664611816406,0.0
1788008375,20,,Aggregated,3.800000,0.000000,18,19,20,20,25,39,50,50,50,50,50,357,0,18,40.277180801433936,0.6950150000193389,369.012326000302,8669.319327731093
1788008376,20,GET,/avatar/{username},0.300000,0.000000,3,3,3,3,3,3,3,3,3,3,3,48,0,2,2.096855750096438,1.3023339997744188,4.926747999888903,277.0
1788008376,20,GET,/info,0.000000,0.000000,0,0,0,0,0,0,0,0,0,0,0,17,0,1,2.256086705850013,0.6950150000193389,6.604647999665758,851.0
1788008376,20,GET,/labels,0.000000,0.000000,0,0,0,0,0,0,0,0,0,0,0,17,0,41,38.41685141169899,18.131382999854395,56.93368899937923,2857.294117647059
1788008376,20,POST,/login,0.000000,0.000000,0,0,0,0,0,0,0,0,0,0,0,29,0,310,275.3323935172563,122.94386299981852,369.012326000302,381.0689655172414
1788008376,20,GET,/projects,0.000000,0.000000,0,0,0,0,0,0,0,0,0,0,0,17,0,50,71.47968788237503,27.641516000585398,124.89350099986041,17370.941176470587
1788008376,20,GET,/projects [bot],0.100000,0.000000,18,18,18,18,18,18,18,18,18,18,18,6,0,18,17.85452300009638,16.608586000074865,19.763376999435422,16338.833333333334
1788008376,20,POST,/projects [create],0.100000,0.000000,50,50,50,50,50,50,50,50,50,50,50,1,0,49.85962099999597,49.85962099999597,49.85962099999597,49.85962099999597,1746.0
1788008376,20,GET,/projects/{id},0.100000,0.000000,12,12,12,12,12,12,12,12,12,12,12,14,0,10,11.283083285694115,6.99340699975437,27.011442000002717,1649.2142857142858
1788008376,20,GET,/projects/{id}/tasks [bot],1.100000,0.000000,18,19,19,19,20,20,20,20,20,20,20,29,0,18,18.81111641376202,13.754137999967497,24.62353000009898,27198.137931034482
1788008376,20,POST,/projects/{id}/tasks [create],0.100000,0.000000,39,39,39,39,39,39,39,39,39,39,39,1,0,38.670979000016814,38.670979000016814,38.670979000016814,38.670979000016814,719.0
1788008376,20,GET,/projects/{id}/views/{view}/buckets/tasks [kanban],0.000000,0.000000,0,0,0,0,0,0,0,0,0,0,0,5,0,20,20.50321159986197,18.601945999762393,22.76642500055459,40120.6
1788008376,20,PUT,/projects/{id}/views/{view}/buckets/{bucket}/tasks [move],0.100000,0.000000,10,10,10,10,10,10,10,10,10,10,10,1,0,9.567078000145557,9.567078000145557,9.567078000145557,9.567078000145557,81.0
1788008376,20,GET,/projects/{id}/views/{view}/tasks [list],0.100000,0.000000,24,24,24,24,24,24,24,24,24,24,24,16,0,23,22.81373299996403,14.957696000237775,30.55599599974812,20342.3125
1788008376,20,GET,/tasks [bot],0.200000,0.000000,31,31,31,31,31,31,31,31,31,31,31,5,0,30,55.401012799848104,24.822803999995813,163.26392399969336,79286.2
1788008376,20,GET,/tasks [home],0.000000,0.000000,0,0,0,0,0,0,0,0,0,0,0,20,0,24,26.07908949994453,15.031994999844756,44.8293970002851,39874.65
1788008376,20,GET,/tasks/{id},0.000000,0.000000,24,24,24,24,24,24,24,24,24,24,24,4,0,23,23.108716749675295,15.272396999534976,29.97373299967876,1154.75
1788008376,20,GET,/tasks/{id} [bot],1.400000,0.000000,17,18,20,20,24,25,25,25,25,25,25,84,0,17,20.339434416687904,11.723516000529344,118.91155400007847,963.2261904761905
1788008376,20,PATCH,/tasks/{id} [patch],0.100000,0.000000,24,24,24,24,24,24,24,24,24,24,24,2,0,24,25.25472549996266,23.75692299938237,26.752528000542952,395.5
1788008376,20,GET,/tasks/{id}/comments,0.000000,0.000000,8,8,8,8,8,8,8,8,8,8,8,4,0,8,7.957178999959069,7.336722000218288,8.384407000448846,137.0
1788008376,20,POST,/tasks/{id}/labels [add],0.000000,0.000000,0,0,0,0,0,0,0,0,0,0,0,1,0,21.141725000234146,21.141725000234146,21.141725000234146,21.141725000234146,59.0
1788008376,20,PUT,/tasks/{id}/position,0.100000,0.000000,8,8,8,8,8,8,8,8,8,8,8,1,0,8.278690000224742,8.278690000224742,8.278690000224742,8.278690000224742,68.0
1788008376,20,PUT,/tasks/{id}/read,0.000000,0.000000,2,2,2,2,2,2,2,2,2,2,2,4,0,2,1.88213525007086,1.1479250006232178,2.237560000139638,93.0
1788008376,20,GET,/user,0.000000,0.000000,0,0,0,0,0,0,0,0,0,0,0,17,0,7,15.823874470537275,2.5078779999603285,53.642600999410206,594.7058823529412
1788008376,20,WS,connect+auth+subscribe,0.000000,0.000000,0,0,0,0,0,0,0,0,0,0,0,17,0,4,4.406354006598978,2.181529998779297,8.179664611816406,0.0
1788008376,20,,Aggregated,3.800000,0.000000,18,19,19,20,24,31,39,39,39,39,39,360,0,18,40.08573470309026,0.6950150000193389,369.012326000302,8646.083333333334
1788008377,20,GET,/avatar/{username},0.300000,0.000000,3,3,3,3,3,3,3,3,3,3,3,51,0,2,2.111008235367669,1.3023339997744188,4.926747999888903,277.0
1788008377,20,GET,/info,0.000000,0.000000,0,0,0,0,0,0,0,0,0,0,0,17,0,1,2.256086705850013,0.6950150000193389,6.604647999665758,851.0
1788008377,20,GET,/labels,0.000000,0.000000,0,0,0,0,0,0,0,0,0,0,0,17,0,41,38.41685141169899,18.131382999854395,56.93368899937923,2857.294117647059
1788008377,20,POST,/login,0.000000,0.000000,0,0,0,0,0,0,0,0,0,0,0,29,0,310,275.3323935172563,122.94386299981852,369.012326000302,381.0689655172414
1788008377,20,GET,/projects,0.000000,0.000000,0,0,0,0,0,0,0,0,0,0,0,17,0,50,71.47968788237503,27.641516000585398,124.89350099986041,17370.941176470587
1788008377,20,GET,/projects [bot],0.100000,0.000000,18,18,18,18,18,18,18,18,18,18,18,6,0,18,17.85452300009638,16.608586000074865,19.763376999435422,16338.833333333334
1788008377,20,POST,/projects [create],0.100000,0.000000,50,50,50,50,50,50,50,50,50,50,50,1,0,49.85962099999597,49.85962099999597,49.85962099999597,49.85962099999597,1746.0
1788008377,20,GET,/projects/{id},0.100000,0.000000,12,12,12,12,12,12,12,12,12,12,12,15,0,11,11.278237933280858,6.99340699975437,27.011442000002717,1649.2666666666667
1788008377,20,GET,/projects/{id}/tasks [bot],1.200000,0.000000,19,19,19,20,38,38,38,38,38,38,38,30,0,18,19.43565286662003,13.754137999967497,37.54720999950223,26837.166666666668
1788008377,20,POST,/projects/{id}/tasks [create],0.100000,0.000000,39,39,39,39,39,39,39,39,39,39,39,1,0,38.670979000016814,38.670979000016814,38.670979000016814,38.670979000016814,719.0
1788008377,20,GET,/projects/{id}/views/{view}/buckets/tasks [kanban],0.000000,0.000000,0,0,0,0,0,0,0,0,0,0,0,6,0,20,22.021999833214068,18.601945999762393,29.615940999974555,39939.5
1788008377,20,PUT,/projects/{id}/views/{view}/buckets/{bucket}/tasks [move],0.100000,0.000000,10,10,10,10,10,10,10,10,10,10,10,1,0,9.567078000145557,9.567078000145557,9.567078000145557,9.567078000145557,81.0
1788008377,20,GET,/projects/{id}/views/{view}/tasks [list],0.100000,0.000000,24,24,24,24,24,24,24,24,24,24,24,16,0,23,22.81373299996403,14.957696000237775,30.55599599974812,20342.3125
1788008377,20,GET,/tasks [bot],0.200000,0.000000,31,31,31,31,31,31,31,31,31,31,31,5,0,30,55.401012799848104,24.822803999995813,163.26392399969336,79286.2
1788008377,20,GET,/tasks [home],0.000000,0.000000,0,0,0,0,0,0,0,0,0,0,0,20,0,24,26.07908949994453,15.031994999844756,44.8293970002851,39874.65
1788008377,20,GET,/tasks/{id},0.000000,0.000000,24,24,24,24,24,24,24,24,24,24,24,4,0,23,23.108716749675295,15.272396999534976,29.97373299967876,1154.75
1788008377,20,GET,/tasks/{id} [bot],1.300000,0.000000,17,18,19,20,20,36,36,36,36,36,36,85,0,17,20.523989964728088,11.723516000529344,118.91155400007847,965.9294117647058
1788008377,20,PATCH,/tasks/{id} [patch],0.100000,0.000000,24,24,24,24,24,24,24,24,24,24,24,2,0,24,25.25472549996266,23.75692299938237,26.752528000542952,395.5
1788008377,20,GET,/tasks/{id}/comments,0.000000,0.000000,8,8,8,8,8,8,8,8,8,8,8,4,0,8,7.957178999959069,7.336722000218288,8.384407000448846,137.0
1788008377,20,POST,/tasks/{id}/labels [add],0.000000,0.000000,0,0,0,0,0,0,0,0,0,0,0,1,0,21.141725000234146,21.141725000234146,21.141725000234146,21.141725000234146,59.0
1788008377,20,PUT,/tasks/{id}/position,0.100000,0.000000,8,8,8,8,8,8,8,8,8,8,8,1,0,8.278690000224742,8.278690000224742,8.278690000224742,8.278690000224742,68.0
1788008377,20,PUT,/tasks/{id}/read,0.000000,0.000000,2,2,2,2,2,2,2,2,2,2,2,4,0,2,1.88213525007086,1.1479250006232178,2.237560000139638,93.0
1788008377,20,GET,/user,0.000000,0.000000,0,0,0,0,0,0,0,0,0,0,0,17,0,7,15.823874470537275,2.5078779999603285,53.642600999410206,594.7058823529412
1788008377,20,WS,connect+auth+subscribe,0.000000,0.000000,0,0,0,0,0,0,0,0,0,0,0,17,0,4,4.406354006598978,2.181529998779297,8.179664611816406,0.0
1788008377,20,,Aggregated,3.800000,0.000000,17,18,19,19,30,36,38,38,38,38,38,367,0,18,39.651981054797524,0.6950150000193389,369.012326000302,8642.144414168937
1788008378,20,GET,/avatar/{username},0.300000,0.000000,3,3,3,3,3,3,3,3,3,3,3,51,0,2,2.111008235367669,1.3023339997744188,4.926747999888903,277.0
1788008378,20,GET,/info,0.000000,0.000000,0,0,0,0,0,0,0,0,0,0,0,17,0,1,2.256086705850013,0.6950150000193389,6.604647999665758,851.0
1788008378,20,GET,/labels,0.000000,0.000000,0,0,0,0,0,0,0,0,0,0,0,17,0,41,38.41685141169899,18.131382999854395,56.93368899937923,2857.294117647059
1788008378,20,POST,/login,0.000000,0.000000,0,0,0,0,0,0,0,0,0,0,0,29,0,310,275.3323935172563,122.94386299981852,369.012326000302,381.0689655172414
1788008378,20,GET,/projects,0.000000,0.000000,0,0,0,0,0,0,0,0,0,0,0,17,0,50,71.47968788237503,27.641516000585398,124.89350099986041,17370.941176470587
1788008378,20,GET,/projects [bot],0.100000,0.000000,18,18,18,18,18,18,18,18,18,18,18,7,0,18,17.92679857161212,16.608586000074865,19.763376999435422,16487.428571428572
1788008378,20,POST,/projects [create],0.100000,0.000000,50,50,50,50,50,50,50,50,50,50,50,1,0,49.85962099999597,49.85962099999597,49.85962099999597,49.85962099999597,1746.0
1788008378,20,GET,/projects/{id},0.100000,0.000000,12,12,12,12,12,12,12,12,12,12,12,15,0,11,11.278237933280858,6.99340699975437,27.011442000002717,1649.2666666666667
1788008378,20,GET,/projects/{id}/tasks [bot],1.100000,0.000000,19,19,19,19,38,38,38,38,38,38,38,31,0,19,19.424219064456985,13.754137999967497,37.54720999950223,27251.09677419355
1788008378,20,POST,/projects/{id}/tasks [create],0.100000,0.000000,39,39,39,39,39,39,39,39,39,39,39,1,0,38.670979000016814,38.670979000016814,38.670979000016814,38.670979000016814,719.0
1788008378,20,GET,/projects/{id}/views/{view}/buckets/tasks [kanban],0.000000,0.000000,30,30,30,30,30,30,30,30,30,30,30,6,0,20,22.021999833214068,18.601945999762393,29.615940999974555,39939.5
1788008378,20,PUT,/projects/{id}/views/{view}/buckets/{bucket}/tasks [move],0.100000,0.000000,10,10,10,10,10,10,10,10,10,10,10,1,0,9.567078000145557,9.567078000145557,9.567078000145557,9.567078000145557,81.0
1788008378,20,GET,/projects/{id}/views/{view}/tasks [list],0.100000,0.000000,24,24,24,24,24,24,24,24,24,24,24,16,0,23,22.81373299996403,14.957696000237775,30.55599599974812,20342.3125
1788008378,20,GET,/tasks [bot],0.200000,0.000000,31,31,31,31,31,31,31,31,31,31,31,5,0,30,55.401012799848104,24.822803999995813,163.26392399969336,79286.2
1788008378,20,GET,/tasks [home],0.000000,0.000000,0,0,0,0,0,0,0,0,0,0,0,20,0,24,26.07908949994453,15.031994999844756,44.8293970002851,39874.65
1788008378,20,GET,/tasks/{id},0.000000,0.000000,0,0,0,0,0,0,0,0,0,0,0,4,0,23,23.108716749675295,15.272396999534976,29.97373299967876,1154.75
1788008378,20,GET,/tasks/{id} [bot],1.400000,0.000000,17,17,20,20,20,36,36,36,36,36,36,86,0,17,20.470068569793934,11.723516000529344,118.91155400007847,964.8604651162791
1788008378,20,PATCH,/tasks/{id} [patch],0.000000,0.000000,24,24,24,24,24,24,24,24,24,24,24,2,0,24,25.25472549996266,23.75692299938237,26.752528000542952,395.5
1788008378,20,GET,/tasks/{id}/comments,0.000000,0.000000,0,0,0,0,0,0,0,0,0,0,0,4,0,8,7.957178999959069,7.336722000218288,8.384407000448846,137.0
1788008378,20,POST,/tasks/{id}/labels [add],0.000000,0.000000,0,0,0,0,0,0,0,0,0,0,0,1,0,21.141725000234146,21.141725000234146,21.141725000234146,21.141725000234146,59.0
1788008378,20,PUT,/tasks/{id}/position,0.100000,0.000000,8,8,8,8,8,8,8,8,8,8,8,1,0,8.278690000224742,8.278690000224742,8.278690000224742,8.278690000224742,68.0
1788008378,20,PUT,/tasks/{id}/read,0.000000,0.000000,0,0,0,0,0,0,0,0,0,0,0,4,0,2,1.88213525007086,1.1479250006232178,2.237560000139638,93.0
1788008378,20,GET,/user,0.000000,0.000000,0,0,0,0,0,0,0,0,0,0,0,17,0,7,15.823874470537275,2.5078779999603285,53.642600999410206,594.7058823529412
1788008378,20,WS,connect+auth+subscribe,0.000000,0.000000,0,0,0,0,0,0,0,0,0,0,0,17,0,4,4.406354006598978,2.181529998779297,8.179664611816406,0.0
1788008378,20,,Aggregated,3.700000,0.000000,17,18,19,19,24,36,38,38,38,38,38,370,0,18,39.47460933543609,0.6950150000193389,369.012326000302,8728.618918918919
1788008379,20,GET,/avatar/{username},0.300000,0.000000,3,3,3,3,3,3,3,3,3,3,3,51,0,2,2.111008235367669,1.3023339997744188,4.926747999888903,277.0
1788008379,20,GET,/info,0.000000,0.000000,0,0,0,0,0,0,0,0,0,0,0,17,0,1,2.256086705850013,0.6950150000193389,6.604647999665758,851.0
1788008379,20,GET,/labels,0.000000,0.000000,0,0,0,0,0,0,0,0,0,0,0,17,0,41,38.41685141169899,18.131382999854395,56.93368899937923,2857.294117647059
1788008379,20,POST,/login,0.000000,0.000000,0,0,0,0,0,0,0,0,0,0,0,29,0,310,275.3323935172563,122.94386299981852,369.012326000302,381.0689655172414
1788008379,20,GET,/projects,0.000000,0.000000,0,0,0,0,0,0,0,0,0,0,0,17,0,50,71.47968788237503,27.641516000585398,124.89350099986041,17370.941176470587
1788008379,20,GET,/projects [bot],0.200000,0.000000,18,18,18,18,18,18,18,18,18,18,18,8,0,18,17.858113500210493,16.608586000074865,19.763376999435422,16598.875
1788008379,20,POST,/projects [create],0.000000,0.000000,50,50,50,50,50,50,50,50,50,50,50,1,0,49.85962099999597,49.85962099999597,49.85962099999597,49.85962099999597,1746.0
1788008379,20,GET,/projects/{id},0.100000,0.000000,12,12,12,12,12,12,12,12,12,12,12,15,0,11,11.278237933280858,6.99340699975437,27.011442000002717,1649.2666666666667
1788008379,20,GET,/projects/{id}/tasks [bot],0.900000,0.000000,18,19,19,19,38,38,38,38,38,38,38,32,0,18,19.299961218706585,13.754137999967497,37.54720999950223,26917.0
1788008379,20,POST,/projects/{id}/tasks [create],0.100000,0.000000,39,39,39,39,39,39,39,39,39,39,39,1,0,38.670979000016814,38.670979000016814,38.670979000016814,38.670979000016814,719.0
1788008379,20,GET,/projects/{id}/views/{view}/buckets/tasks [kanban],0.000000,0.000000,30,30,30,30,30,30,30,30,30,30,30,6,0,20,22.021999833214068,18.601945999762393,29.615940999974555,39939.5
1788008379,20,PUT,/projects/{id}/views/{view}/buckets/{bucket}/tasks [move],0.100000,0.000000,10,10,10,10,10,10,10,10,10,10,10,1,0,9.567078000145557,9.567078000145557,9.567078000145557,9.567078000145557,81.0
1788008379,20,GET,/projects/{id}/views/{view}/tasks [list],0.100000,0.000000,24,24,24,24,24,24,24,24,24,24,24,16,0,23,22.81373299996403,14.957696000237775,30.55599599974812,20342.3125
1788008379,20,GET,/tasks [bot],0.100000,0.000000,31,31,31,31,31,31,31,31,31,31,31,5,0,30,55.401012799848104,24.822803999995813,163.26392399969336,79286.2
1788008379,20,GET,/tasks [home],0.000000,0.000000,0,0,0,0,0,0,0,0,0,0,0,20,0,24,26.07908949994453,15.031994999844756,44.8293970002851,39874.65
1788008379,20,GET,/tasks/{id},0.000000,0.000000,0,0,0,0,0,0,0,0,0,0,0,4,0,23,23.108716749675295,15.272396999534976,29.97373299967876,1154.75
1788008379,20,GET,/tasks/{id} [bot],1.500000,0.000000,17,19,20,20,20,36,36,36,36,36,36,87,0,17,20.405976816117143,11.723516000529344,118.91155400007847,963.8735632183908
1788008379,20,PATCH,/tasks/{id} [patch],0.000000,0.000000,24,24,24,24,24,24,24,24,24,24,24,2,0,24,25.25472549996266,23.75692299938237,26.752528000542952,395.5
1788008379,20,GET,/tasks/{id}/comments,0.000000,0.000000,0,0,0,0,0,0,0,0,0,0,0,4,0,8,7.957178999959069,7.336722000218288,8.384407000448846,137.0
1788008379,20,POST,/tasks/{id}/labels [add],0.000000,0.000000,0,0,0,0,0,0,0,0,0,0,0,1,0,21.141725000234146,21.141725000234146,21.141725000234146,21.141725000234146,59.0
1788008379,20,PUT,/tasks/{id}/position,0.100000,0.000000,8,8,8,8,8,8,8,8,8,8,8,1,0,8.278690000224742,8.278690000224742,8.278690000224742,8.278690000224742,68.0
1788008379,20,PUT,/tasks/{id}/read,0.000000,0.000000,0,0,0,0,0,0,0,0,0,0,0,4,0,2,1.88213525007086,1.1479250006232178,2.237560000139638,93.0
1788008379,20,GET,/user,0.000000,0.000000,0,0,0,0,0,0,0,0,0,0,0,17,0,7,15.823874470537275,2.5078779999603285,53.642600999410206,594.7058823529412
1788008379,20,WS,connect+auth+subscribe,0.000000,0.000000,0,0,0,0,0,0,0,0,0,0,0,17,0,4,4.406354006598978,2.181529998779297,8.179664611816406,0.0
1788008379,20,,Aggregated,3.500000,0.000000,17,18,19,19,24,36,38,38,38,38,38,373,0,18,39.285053153115584,0.6950150000193389,369.012326000302,8751.761394101877
1788008380,20,GET,/avatar/{username},0.600000,0.000000,3,3,3,3,3,3,3,3,3,3,3,51,0,2,2.111008235367669,1.3023339997744188,4.926747999888903,277.0
1788008380,20,GET,/info,0.000000,0.000000,0,0,0,0,0,0,0,0,0,0,0,17,0,1,2.256086705850013,0.6950150000193389,6.604647999665758,851.0
1788008380,20,GET,/labels,0.000000,0.000000,0,0,0,0,0,0,0,0,0,0,0,17,0,41,38.41685141169899,18.131382999854395,56.93368899937923,2857.294117647059
1788008380,20,POST,/login,0.000000,0.000000,0,0,0,0,0,0,0,0,0,0,0,29,0,310,275.3323935172563,122.94386299981852,369.012326000302,381.0689655172414
1788008380,20,GET,/projects,0.000000,0.000000,0,0,0,0,0,0,0,0,0,0,0,17,0,50,71.47968788237503,27.641516000585398,124.89350099986041,17370.941176470587
1788008380,20,GET,/projects [bot],0.200000,0.000000,18,18,18,18,18,18,18,18,18,18,18,8,0,18,17.858113500210493,16.608586000074865,19.763376999435422,16598.875
1788008380,20,POST,/projects [create],0.000000,0.000000,50,50,50,50,50,50,50,50,50,50,50,1,0,49.85962099999597,49.85962099999597,49.85962099999597,49.85962099999597,1746.0
1788008380,20,GET,/projects/{id},0.200000,0.000000,12,12,12,12,12,12,12,12,12,12,12,15,0,11,11.278237933280858,6.99340699975437,27.011442000002717,1649.2666666666667
1788008380,20,GET,/projects/{id}/tasks [bot],0.900000,0.000000,18,19,19,19,38,38,38,38,38,38,38,32,0,18,19.299961218706585,13.754137999967497,37.54720999950223,26917.0
1788008380,20,POST,/projects/{id}/tasks [create],0.000000,0.000000,39,39,39,39,39,39,39,39,39,39,39,1,0,38.670979000016814,38.670979000016814,38.670979000016814,38.670979000016814,719.0
1788008380,20,GET,/projects/{id}/views/{view}/buckets/tasks [kanban],0.100000,0.000000,30,30,30,30,30,30,30,30,30,30,30,6,0,20,22.021999833214068,18.601945999762393,29.615940999974555,39939.5
1788008380,20,PUT,/projects/{id}/views/{view}/buckets/{bucket}/tasks [move],0.100000,0.000000,10,10,10,10,10,10,10,10,10,10,10,1,0,9.567078000145557,9.567078000145557,9.567078000145557,9.567078000145557,81.0
1788008380,20,GET,/projects/{id}/views/{view}/tasks [list],0.100000,0.000000,24,24,24,24,24,24,24,24,24,24,24,16,0,23,22.81373299996403,14.957696000237775,30.55599599974812,20342.3125
1788008380,20,GET,/tasks [bot],0.100000,0.000000,31,31,31,31,31,31,31,31,31,31,31,5,0,30,55.401012799848104,24.822803999995813,163.26392399969336,79286.2
1788008380,20,GET,/tasks [home],0.000000,0.000000,0,0,0,0,0,0,0,0,0,0,0,20,0,24,26.07908949994453,15.031994999844756,44.8293970002851,39874.65
1788008380,20,GET,/tasks/{id},0.000000,0.000000,0,0,0,0,0,0,0,0,0,0,0,4,0,23,23.108716749675295,15.272396999534976,29.97373299967876,1154.75
1788008380,20,GET,/tasks/{id} [bot],1.400000,0.000000,17,19,19,20,20,36,36,36,36,36,36,90,0,17,20.30370258890899,11.723516000529344,118.91155400007847,964.5777777777778
1788008380,20,PATCH,/tasks/{id} [patch],0.000000,0.000000,24,24,24,24,24,24,24,24,24,24,24,2,0,24,25.25472549996266,23.75692299938237,26.752528000542952,395.5
1788008380,20,GET,/tasks/{id}/comments,0.000000,0.000000,0,0,0,0,0,0,0,0,0,0,0,4,0,8,7.957178999959069,7.336722000218288,8.384407000448846,137.0
1788008380,20,POST,/tasks/{id}/labels [add],0.000000,0.000000,0,0,0,0,0,0,0,0,0,0,0,1,0,21.141725000234146,21.141725000234146,21.141725000234146,21.141725000234146,59.0
1788008380,20,PUT,/tasks/{id}/position,0.100000,0.000000,8,8,8,8,8,8,8,8,8,8,8,1,0,8.278690000224742,8.278690000224742,8.278690000224742,8.278690000224742,68.0
1788008380,20,PUT,/tasks/{id}/read,0.000000,0.000000,0,0,0,0,0,0,0,0,0,0,0,4,0,2,1.88213525007086,1.1479250006232178,2.237560000139638,93.0
1788008380,20,GET,/user,0.000000,0.000000,0,0,0,0,0,0,0,0,0,0,0,17,0,7,15.823874470537275,2.5078779999603285,53.642600999410206,594.7058823529412
1788008380,20,WS,connect+auth+subscribe,0.000000,0.000000,0,0,0,0,0,0,0,0,0,0,0,17,0,4,4.406354006598978,2.181529998779297,8.179664611816406,0.0
1788008380,20,,Aggregated,3.800000,0.000000,17,18,19,19,24,36,38,38,38,38,38,376,0,18,39.10994169178652,0.6950150000193389,369.012326000302,8689.79255319149
1788008381,20,GET,/avatar/{username},0.600000,0.000000,3,3,3,3,3,3,3,3,3,3,3,51,0,2,2.111008235367669,1.3023339997744188,4.926747999888903,277.0
1788008381,20,GET,/info,0.000000,0.000000,0,0,0,0,0,0,0,0,0,0,0,17,0,1,2.256086705850013,0.6950150000193389,6.604647999665758,851.0
1788008381,20,GET,/labels,0.000000,0.000000,0,0,0,0,0,0,0,0,0,0,0,17,0,41,38.41685141169899,18.131382999854395,56.93368899937923,2857.294117647059
1788008381,20,POST,/login,0.000000,0.000000,0,0,0,0,0,0,0,0,0,0,0,29,0,310,275.3323935172563,122.94386299981852,369.012326000302,381.0689655172414
1788008381,20,GET,/projects,0.000000,0.000000,0,0,0,0,0,0,0,0,0,0,0,17,0,50,71.47968788237503,27.641516000585398,124.89350099986041,17370.941176470587
1788008381,20,GET,/projects [bot],0.300000,0.000000,18,18,18,18,18,18,18,18,18,18,18,8,0,18,17.858113500210493,16.608586000074865,19.763376999435422,16598.875
1788008381,20,POST,/projects [create],0.000000,0.000000,50,50,50,50,50,50,50,50,50,50,50,1,0,49.85962099999597,49.85962099999597,49.85962099999597,49.85962099999597,1746.0
1788008381,20,GET,/projects/{id},0.200000,0.000000,12,12,12,12,12,12,12,12,12,12,12,15,0,11,11.278237933280858,6.99340699975437,27.011442000002717,1649.2666666666667
1788008381,20,GET,/projects/{id}/tasks [bot],1.000000,0.000000,18,19,19,19,38,38,38,38,38,38,38,33,0,19,19.27924042419446,13.754137999967497,37.54720999950223,26571.21212121212
1788008381,20,POST,/projects/{id}/tasks [create],0.000000,0.000000,39,39,39,39,39,39,39,39,39,39,39,1,0,38.670979000016814,38.670979000016814,38.670979000016814,38.670979000016814,719.0
1788008381,20,GET,/projects/{id}/views/{view}/buckets/tasks [kanban],0.100000,0.000000,30,30,30,30,30,30,30,30,30,30,30,6,0,20,22.021999833214068,18.601945999762393,29.615940999974555,39939.5
1788008381,20,PUT,/projects/{id}/views/{view}/buckets/{bucket}/tasks [move],0.100000,0.000000,10,10,10,10,10,10,10,10,10,10,10,1,0,9.567078000145557,9.567078000145557,9.567078000145557,9.567078000145557,81.0
1788008381,20,GET,/projects/{id}/views/{view}/tasks [list],0.100000,0.000000,24,24,24,24,24,24,24,24,24,24,24,16,0,23,22.81373299996403,14.957696000237775,30.55599599974812,20342.3125
1788008381,20,GET,/tasks [bot],0.000000,0.000000,31,31,31,31,31,31,31,31,31,31,31,5,0,30,55.401012799848104,24.822803999995813,163.26392399969336,79286.2
1788008381,20,GET,/tasks [home],0.000000,0.000000,0,0,0,0,0,0,0,0,0,0,0,20,0,24,26.07908949994453,15.031994999844756,44.8293970002851,39874.65
1788008381,20,GET,/tasks/{id},0.000000,0.000000,0,0,0,0,0,0,0,0,0,0,0,4,0,23,23.108716749675295,15.272396999534976,29.97373299967876,1154.75
1788008381,20,GET,/tasks/{id} [bot],1.200000,0.000000,17,19,19,20,20,36,36,36,36,36,36,92,0,17,20.237350956548376,11.723516000529344,118.91155400007847,965.4891304347826
1788008381,20,PATCH,/tasks/{id} [patch],0.000000,0.000000,24,24,24,24,24,24,24,24,24,24,24,2,0,24,25.25472549996266,23.75692299938237,26.752528000542952,395.5
1788008381,20,GET,/tasks/{id}/comments,0.000000,0.000000,0,0,0,0,0,0,0,0,0,0,0,4,0,8,7.957178999959069,7.336722000218288,8.384407000448846,137.0
1788008381,20,POST,/tasks/{id}/labels [add],0.000000,0.000000,0,0,0,0,0,0,0,0,0,0,0,1,0,21.141725000234146,21.141725000234146,21.141725000234146,21.141725000234146,59.0
1788008381,20,PUT,/tasks/{id}/position,0.100000,0.000000,8,8,8,8,8,8,8,8,8,8,8,1,0,8.278690000224742,8.278690000224742,8.278690000224742,8.278690000224742,68.0
1788008381,20,PUT,/tasks/{id}/read,0.000000,0.000000,0,0,0,0,0,0,0,0,0,0,0,4,0,2,1.88213525007086,1.1479250006232178,2.237560000139638,93.0
1788008381,20,GET,/user,0.000000,0.000000,0,0,0,0,0,0,0,0,0,0,0,17,0,7,15.823874470537275,2.5078779999603285,53.642600999410206,594.7058823529412
1788008381,20,WS,connect+auth+subscribe,0.000000,0.000000,0,0,0,0,0,0,0,0,0,0,0,17,0,4,4.406354006598978,2.181529998779297,8.179664611816406,0.0
1788008381,20,,Aggregated,3.700000,0.000000,17,18,19,19,24,36,38,38,38,38,38,379,0,18,38.94052059660205,0.6950150000193389,369.012326000302,8667.232189973614
1788008382,20,GET,/avatar/{username},0.600000,0.000000,3,3,3,3,3,3,3,3,3,3,3,51,0,2,2.111008235367669,1.3023339997744188,4.926747999888903,277.0
1788008382,20,GET,/info,0.000000,0.000000,0,0,0,0,0,0,0,0,0,0,0,17,0,1,2.256086705850013,0.6950150000193389,6.604647999665758,851.0
1788008382,20,GET,/labels,0.000000,0.000000,0,0,0,0,0,0,0,0,0,0,0,17,0,41,38.41685141169899,18.131382999854395,56.93368899937923,2857.294117647059
1788008382,20,POST,/login,0.000000,0.000000,0,0,0,0,0,0,0,0,0,0,0,29,0,310,275.3323935172563,122.94386299981852,369.012326000302,381.0689655172414
1788008382,20,GET,/projects,0.000000,0.000000,0,0,0,0,0,0,0,0,0,0,0,17,0,50,71.47968788237503,27.641516000585398,124.89350099986041,17370.941176470587
1788008382,20,GET,/projects [bot],0.400000,0.000000,18,18,18,18,18,18,18,18,18,18,18,8,0,18,17.858113500210493,16.608586000074865,19.763376999435422,16598.875
1788008382,20,POST,/projects [create],0.000000,0.000000,50,50,50,50,50,50,50,50,50,50,50,1,0,49.85962099999597,49.85962099999597,49.85962099999597,49.85962099999597,1746.0
1788008382,20,GET,/projects/{id},0.200000,0.000000,12,12,12,12,12,12,12,12,12,12,12,15,0,11,11.278237933280858,6.99340699975437,27.011442000002717,1649.2666666666667
1788008382,20,GET,/projects/{id}/tasks [bot],1.000000,0.000000,19,19,21,21,38,38,38,38,38,38,38,35,0,19,19.308920571373683,13.754137999967497,37.54720999950223,26631.514285714286
1788008382,20,POST,/projects/{id}/tasks [create],0.000000,0.000000,39,39,39,39,39,39,39,39,39,39,39,1,0,38.670979000016814,38.670979000016814,38.670979000016814,38.670979000016814,719.0
1788008382,20,GET,/projects/{id}/views/{view}/buckets/tasks [kanban],0.100000,0.000000,30,30,30,30,30,30,30,30,30,30,30,6,0,20,22.021999833214068,18.601945999762393,29.615940999974555,39939.5
1788008382,20,PUT,/projects/{id}/views/{view}/buckets/{bucket}/tasks [move],0.100000,0.000000,10,10,10,10,10,10,10,10,10,10,10,1,0,9.567078000145557,9.567078000145557,9.567078000145557,9.567078000145557,81.0
1788008382,20,GET,/projects/{id}/views/{view}/tasks [list],0.100000,0.000000,24,24,24,24,24,24,24,24,24,24,24,16,0,23,22.81373299996403,14.957696000237775,30.55599599974812,20342.3125
1788008382,20,GET,/tasks [bot],0.000000,0.000000,31,31,31,31,31,31,31,31,31,31,31,5,0,30,55.401012799848104,24.822803999995813,163.26392399969336,79286.2
1788008382,20,GET,/tasks [home],0.000000,0.000000,0,0,0,0,0,0,0,0,0,0,0,20,0,24,26.07908949994453,15.031994999844756,44.8293970002851,39874.65
1788008382,20,GET,/tasks/{id},0.000000,0.000000,0,0,0,0,0,0,0,0,0,0,0,4,0,23,23.108716749675295,15.272396999534976,29.97373299967876,1154.75
1788008382,20,GET,/tasks/{id} [bot],1.100000,0.000000,17,19,19,19,20,36,36,36,36,36,36,94,0,17,20.171452383005708,11.723516000529344,118.91155400007847,963.6170212765958
1788008382,20,PATCH,/tasks/{id} [patch],0.000000,0.000000,24,24,24,24,24,24,24,24,24,24,24,2,0,24,25.25472549996266,23.75692299938237,26.752528000542952,395.5
1788008382,20,GET,/tasks/{id}/comments,0.000000,0.000000,0,0,0,0,0,0,0,0,0,0,0,4,0,8,7.957178999959069,7.336722000218288,8.384407000448846,137.0
1788008382,20,POST,/tasks/{id}/labels [add],0.000000,0.000000,0,0,0,0,0,0,0,0,0,0,0,1,0,21.141725000234146,21.141725000234146,21.141725000234146,21.141725000234146,59.0
1788008382,20,PUT,/tasks/{id}/position,0.100000,0.000000,8,8,8,8,8,8,8,8,8,8,8,1,0,8.278690000224742,8.278690000224742,8.278690000224742,8.278690000224742,68.0
1788008382,20,PUT,/tasks/{id}/read,0.000000,0.000000,0,0,0,0,0,0,0,0,0,0,0,4,0,2,1.88213525007086,1.1479250006232178,2.237560000139638,93.0
1788008382,20,GET,/user,0.000000,0.000000,0,0,0,0,0,0,0,0,0,0,0,17,0,7,15.823874470537275,2.5078779999603285,53.642600999410206,594.7058823529412
1788008382,20,WS,connect+auth+subscribe,0.000000,0.000000,0,0,0,0,0,0,0,0,0,0,0,17,0,4,4.406354006598978,2.181529998779297,8.179664611816406,0.0
1788008382,20,,Aggregated,3.700000,0.000000,18,19,19,19,21,36,38,38,38,38,38,383,0,18,38.72672278880398,0.6950150000193389,369.012326000302,8725.558746736293
1788008383,20,GET,/avatar/{username},0.600000,0.000000,2,2,3,3,3,3,3,3,3,3,3,54,0,2,2.1223352963446547,1.3023339997744188,4.926747999888903,277.0
1788008383,20,GET,/info,0.000000,0.000000,0,0,0,0,0,0,0,0,0,0,0,17,0,1,2.256086705850013,0.6950150000193389,6.604647999665758,851.0
1788008383,20,GET,/labels,0.000000,0.000000,0,0,0,0,0,0,0,0,0,0,0,17,0,41,38.41685141169899,18.131382999854395,56.93368899937923,2857.294117647059
1788008383,20,POST,/login,0.000000,0.000000,0,0,0,0,0,0,0,0,0,0,0,29,0,310,275.3323935172563,122.94386299981852,369.012326000302,381.0689655172414
1788008383,20,GET,/projects,0.000000,0.000000,0,0,0,0,0,0,0,0,0,0,0,17,0,50,71.47968788237503,27.641516000585398,124.89350099986041,17370.941176470587
1788008383,20,GET,/projects [bot],0.400000,0.000000,18,18,18,18,18,18,18,18,18,18,18,8,0,18,17.858113500210493,16.608586000074865,19.763376999435422,16598.875
1788008383,20,POST,/projects [create],0.000000,0.000000,50,50,50,50,50,50,50,50,50,50,50,1,0,49.85962099999597,49.85962099999597,49.85962099999597,49.85962099999597,1746.0
1788008383,20,GET,/projects/{id},0.200000,0.000000,11,11,12,12,12,12,12,12,12,12,12,16,0,11,11.240503562476079,6.99340699975437,27.011442000002717,1649.5
1788008383,20,GET,/projects/{id}/tasks [bot],0.700000,0.000000,19,19,21,21,38,38,38,38,38,38,38,35,0,19,19.308920571373683,13.754137999967497,37.54720999950223,26631.514285714286
1788008383,20,POST,/projects/{id}/tasks [create],0.000000,0.000000,39,39,39,39,39,39,39,39,39,39,39,1,0,38.670979000016814,38.670979000016814,38.670979000016814,38.670979000016814,719.0
1788008383,20,GET,/projects/{id}/views/{view}/buckets/tasks [kanban],0.100000,0.000000,30,30,30,30,30,30,30,30,30,30,30,7,0,22,22.764205714208533,18.601945999762393,29.615940999974555,39371.857142857145
1788008383,20,PUT,/projects/{id}/views/{view}/buckets/{bucket}/tasks [move],0.000000,0.000000,10,10,10,10,10,10,10,10,10,10,10,1,0,9.567078000145557,9.567078000145557,9.567078000145557,9.567078000145557,81.0
1788008383,20,GET,/projects/{id}/views/{view}/tasks [list],0.100000,0.000000,24,24,24,24,24,24,24,24,24,24,24,16,0,23,22.81373299996403,14.957696000237775,30.55599599974812,20342.3125
1788008383,20,GET,/tasks [bot],0.000000,0.000000,31,31,31,31,31,31,31,31,31,31,31,5,0,30,55.401012799848104,24.822803999995813,163.26392399969336,79286.2
1788008383,20,GET,/tasks [home],0.000000,0.000000,0,0,0,0,0,0,0,0,0,0,0,20,0,24,26.07908949994453,15.031994999844756,44.8293970002851,39874.65
1788008383,20,GET,/tasks/{id},0.000000,0.000000,0,0,0,0,0,0,0,0,0,0,0,4,0,23,23.108716749675295,15.272396999534976,29.97373299967876,1154.75
1788008383,20,GET,/tasks/{id} [bot],1.300000,0.000000,17,19,19,19,19,36,36,36,36,36,36,96,0,17,20.113611989605335,11.723516000529344,118.91155400007847,965.1041666666666
1788008383,20,PATCH,/tasks/{id} [patch],0.000000,0.000000,0,0,0,0,0,0,0,0,0,0,0,2,0,24,25.25472549996266,23.75692299938237,26.752528000542952,395.5
1788008383,20,GET,/tasks/{id}/comments,0.000000,0.000000,0,0,0,0,0,0,0,0,0,0,0,4,0,8,7.957178999959069,7.336722000218288,8.384407000448846,137.0
1788008383,20,POST,/tasks/{id}/labels [add],0.000000,0.000000,0,0,0,0,0,0,0,0,0,0,0,1,0,21.141725000234146,21.141725000234146,21.141725000234146,21.141725000234146,59.0
1788008383,20,PUT,/tasks/{id}/position,0.000000,0.000000,8,8,8,8,8,8,8,8,8,8,8,1,0,8.278690000224742,8.278690000224742,8.278690000224742,8.278690000224742,68.0
1788008383,20,PUT,/tasks/{id}/read,0.000000,0.000000,0,0,0,0,0,0,0,0,0,0,0,4,0,2,1.88213525007086,1.1479250006232178,2.237560000139638,93.0
1788008383,20,GET,/user,0.000000,0.000000,0,0,0,0,0,0,0,0,0,0,0,17,0,7,15.823874470537275,2.5078779999603285,53.642600999410206,594.7058823529412
1788008383,20,WS,connect+auth+subscribe,0.000000,0.000000,0,0,0,0,0,0,0,0,0,0,0,17,0,4,4.406354006598978,2.181529998779297,8.179664611816406,0.0
1788008383,20,,Aggregated,3.400000,0.000000,17,19,19,19,27,36,38,38,38,38,38,390,0,18,38.23579915413062,0.6950150000193389,369.012326000302,8672.84358974359
1788008384,20,GET,/avatar/{username},0.600000,0.000000,2,2,2,2,3,3,3,3,3,3,3,54,0,2,2.1223352963446547,1.3023339997744188,4.926747999888903,277.0
1788008384,20,GET,/info,0.000000,0.000000,0,0,0,0,0,0,0,0,0,0,0,17,0,1,2.256086705850013,0.6950150000193389,6.604647999665758,851.0
1788008384,20,GET,/labels,0.000000,0.000000,0,0,0,0,0,0,0,0,0,0,0,17,0,41,38.41685141169899,18.131382999854395,56.93368899937923,2857.294117647059
1788008384,20,POST,/login,0.000000,0.000000,0,0,0,0,0,0,0,0,0,0,0,29,0,310,275.3323935172563,122.94386299981852,369.012326000302,381.0689655172414
1788008384,20,GET,/projects,0.000000,0.000000,0,0,0,0,0,0,0,0,0,0,0,17,0,50,71.47968788237503,27.641516000585398,124.89350099986041,17370.941176470587
1788008384,20,GET,/projects [bot],0.400000,0.000000,18,18,18,18,18,18,18,18,18,18,18,9,0,18,17.84758355572396,16.608586000074865,19.763376999435422,16685.555555555555
1788008384,20,POST,/projects [create],0.000000,0.000000,50,50,50,50,50,50,50,50,50,50,50,1,0,49.85962099999597,49.85962099999597,49.85962099999597,49.85962099999597,1746.0
1788008384,20,GET,/projects/{id},0.200000,0.000000,11,11,11,11,11,11,11,11,11,11,11,16,0,11,11.240503562476079,6.99340699975437,27.011442000002717,1649.5
1788008384,20,GET,/projects/{id}/tasks [bot],0.700000,0.000000,19,21,22,22,38,38,38,38,38,38,38,36,0,19,19.396802527732387,13.754137999967497,37.54720999950223,26996.305555555555
1788008384,20,POST,/projects/{id}/tasks [create],0.000000,0.000000,39,39,39,39,39,39,39,39,39,39,39,1,0,38.670979000016814,38.670979000016814,38.670979000016814,38.670979000016814,719.0
1788008384,20,GET,/projects/{id}/views/{view}/buckets/tasks [kanban],0.100000,0.000000,30,30,30,30,30,30,30,30,30,30,30,7,0,22,22.764205714208533,18.601945999762393,29.615940999974555,39371.857142857145
1788008384,20,PUT,/projects/{id}/views/{view}/buckets/{bucket}/tasks [move],0.000000,0.000000,10,10,10,10,10,10,10,10,10,10,10,1,0,9.567078000145557,9.567078000145557,9.567078000145557,9.567078000145557,81.0
1788008384,20,GET,/projects/{id}/views/{view}/tasks [list],0.100000,0.000000,24,24,24,24,24,24,24,24,24,24,24,16,0,23,22.81373299996403,14.957696000237775,30.55599599974812,20342.3125
1788008384,20,GET,/tasks [bot],0.000000,0.000000,31,31,31,31,31,31,31,31,31,31,31,5,0,30,55.401012799848104,24.822803999995813,163.26392399969336,79286.2
1788008384,20,GET,/tasks [home],0.000000,0.000000,0,0,0,0,0,0,0,0,0,0,0,20,0,24,26.07908949994453,15.031994999844756,44.8293970002851,39874.65
1788008384,20,GET,/tasks/{id},0.000000,0.000000,0,0,0,0,0,0,0,0,0,0,0,4,0,23,23.108716749675295,15.272396999534976,29.97373299967876,1154.75
1788008384,20,GET,/tasks/{id} [bot],1.500000,0.000000,17,19,19,19,19,36,36,36,36,36,36,96,0,17,20.113611989605335,11.723516000529344,118.91155400007847,965.1041666666666
1788008384,20,PATCH,/tasks/{id} [patch],0.000000,0.000000,0,0,0,0,0,0,0,0,0,0,0,2,0,24,25.25472549996266,23.75692299938237,26.752528000542952,395.5
1788008384,20,GET,/tasks/{id}/comments,0.000000,0.000000,0,0,0,0,0,0,0,0,0,0,0,4,0,8,7.957178999959069,7.336722000218288,8.384407000448846,137.0
1788008384,20,POST,/tasks/{id}/labels [add],0.000000,0.000000,0,0,0,0,0,0,0,0,0,0,0,1,0,21.141725000234146,21.141725000234146,21.141725000234146,21.141725000234146,59.0
1788008384,20,PUT,/tasks/{id}/position,0.000000,0.000000,8,8,8,8,8,8,8,8,8,8,8,1,0,8.278690000224742,8.278690000224742,8.278690000224742,8.278690000224742,68.0
1788008384,20,PUT,/tasks/{id}/read,0.000000,0.000000,0,0,0,0,0,0,0,0,0,0,0,4,0,2,1.88213525007086,1.1479250006232178,2.237560000139638,93.0
1788008384,20,GET,/user,0.000000,0.000000,0,0,0,0,0,0,0,0,0,0,0,17,0,7,15.823874470537275,2.5078779999603285,53.642600999410206,594.7058823529412
1788008384,20,WS,connect+auth+subscribe,0.000000,0.000000,0,0,0,0,0,0,0,0,0,0,0,17,0,4,4.406354006598978,2.181529998779297,8.179664611816406,0.0
1788008384,20,,Aggregated,3.600000,0.000000,18,19,19,19,27,36,38,38,38,38,38,392,0,18,38.14336144160985,0.6950150000193389,369.012326000302,8774.367346938776
1788008385,20,GET,/avatar/{username},0.300000,0.000000,2,2,2,2,3,3,3,3,3,3,3,54,0,2,2.1223352963446547,1.3023339997744188,4.926747999888903,277.0
1788008385,20,GET,/info,0.000000,0.000000,0,0,0,0,0,0,0,0,0,0,0,17,0,1,2.256086705850013,0.6950150000193389,6.604647999665758,851.0
1788008385,20,GET,/labels,0.000000,0.000000,0,0,0,0,0,0,0,0,0,0,0,17,0,41,38.41685141169899,18.131382999854395,56.93368899937923,2857.294117647059
1788008385,20,POST,/login,0.000000,0.000000,0,0,0,0,0,0,0,0,0,0,0,29,0,310,275.3323935172563,122.94386299981852,369.012326000302,381.0689655172414
1788008385,20,GET,/projects,0.000000,0.000000,0,0,0,0,0,0,0,0,0,0,0,17,0,50,71.47968788237503,27.641516000585398,124.89350099986041,17370.941176470587
1788008385,20,GET,/projects [bot],0.300000,0.000000,18,18,18,18,18,18,18,18,18,18,18,9,0,18,17.84758355572396,16.608586000074865,19.763376999435422,16685.555555555555
1788008385,20,POST,/projects [create],0.000000,0.000000,0,0,0,0,0,0,0,0,0,0,0,1,0,49.85962099999597,49.85962099999597,49.85962099999597,49.85962099999597,1746.0
1788008385,20,GET,/projects/{id},0.100000,0.000000,11,11,11,11,11,11,11,11,11,11,11,16,0,11,11.240503562476079,6.99340699975437,27.011442000002717,1649.5
1788008385,20,GET,/projects/{id}/tasks [bot],0.800000,0.000000,19,21,22,22,38,38,38,38,38,38,38,36,0,19,19.396802527732387,13.754137999967497,37.54720999950223,26996.305555555555
1788008385,20,POST,/projects/{id}/tasks [create],0.000000,0.000000,39,39,39,39,39,39,39,39,39,39,39,2,0,22.262458999648516,30.466718999832665,22.262458999648516,38.670979000016814,717.5
1788008385,20,GET,/projects/{id}/views/{view}/buckets/tasks [kanban],0.100000,0.000000,30,30,30,30,30,30,30,30,30,30,30,7,0,22,22.764205714208533,18.601945999762393,29.615940999974555,39371.857142857145
1788008385,20,PUT,/projects/{id}/views/{view}/buckets/{bucket}/tasks [move],0.000000,0.000000,10,10,10,10,10,10,10,10,10,10,10,1,0,9.567078000145557,9.567078000145557,9.567078000145557,9.567078000145557,81.0
1788008385,20,GET,/projects/{id}/views/{view}/tasks [list],0.000000,0.000000,24,24,24,24,24,24,24,24,24,24,24,16,0,23,22.81373299996403,14.957696000237775,30.55599599974812,20342.3125
1788008385,20,GET,/tasks [bot],0.000000,0.000000,31,31,31,31,31,31,31,31,31,31,31,5,0,30,55.401012799848104,24.822803999995813,163.26392399969336,79286.2
1788008385,20,GET,/tasks [home],0.000000,0.000000,0,0,0,0,0,0,0,0,0,0,0,20,0,24,26.07908949994453,15.031994999844756,44.8293970002851,39874.65
1788008385,20,GET,/tasks/{id},0.000000,0.000000,0,0,0,0,0,0,0,0,0,0,0,4,0,23,23.108716749675295,15.272396999534976,29.97373299967876,1154.75
1788008385,20,GET,/tasks/{id} [bot],1.600000,0.000000,18,19,19,21,22,36,36,36,36,36,36,98,0,17,20.14037300001774,11.723516000529344,118.91155400007847,965.9489795918367
1788008385,20,PATCH,/tasks/{id} [patch],0.000000,0.000000,0,0,0,0,0,0,0,0,0,0,0,2,0,24,25.25472549996266,23.75692299938237,26.752528000542952,395.5
1788008385,20,GET,/tasks/{id}/comments,0.000000,0.000000,0,0,0,0,0,0,0,0,0,0,0,4,0,8,7.957178999959069,7.336722000218288,8.384407000448846,137.0
1788008385,20,POST,/tasks/{id}/labels [add],0.000000,0.000000,0,0,0,0,0,0,0,0,0,0,0,2,0,21.141725000234146,23.35119149984166,21.141725000234146,25.560657999449177,59.0
1788008385,20,PUT,/tasks/{id}/position,0.000000,0.000000,8,8,8,8,8,8,8,8,8,8,8,1,0,8.278690000224742,8.278690000224742,8.278690000224742,8.278690000224742,68.0
1788008385,20,PUT,/tasks/{id}/read,0.000000,0.000000,0,0,0,0,0,0,0,0,0,0,0,4,0,2,1.88213525007086,1.1479250006232178,2.237560000139638,93.0
1788008385,20,GET,/user,0.000000,0.000000,0,0,0,0,0,0,0,0,0,0,0,17,0,7,15.823874470537275,2.5078779999603285,53.642600999410206,594.7058823529412
1788008385,20,WS,connect+auth+subscribe,0.000000,0.000000,0,0,0,0,0,0,0,0,0,0,0,17,0,4,4.406354006598978,2.181529998779297,8.179664611816406,0.0
1788008385,20,,Aggregated,3.200000,0.000000,18,19,21,22,27,36,38,38,38,38,38,396,0,18,37.98704698260046,0.6950150000193389,369.012326000302,8692.777777777777
1788008386,20,GET,/avatar/{username},0.600000,0.000000,2,2,2,2,3,3,3,3,3,3,3,54,0,2,2.1223352963446547,1.3023339997744188,4.926747999888903,277.0
1788008386,20,GET,/info,0.000000,0.000000,0,0,0,0,0,0,0,0,0,0,0,17,0,1,2.256086705850013,0.6950150000193389,6.604647999665758,851.0
1788008386,20,GET,/labels,0.000000,0.000000,0,0,0,0,0,0,0,0,0,0,0,17,0,41,38.41685141169899,18.131382999854395,56.93368899937923,2857.294117647059
1788008386,20,POST,/login,0.000000,0.000000,0,0,0,0,0,0,0,0,0,0,0,29,0,310,275.3323935172563,122.94386299981852,369.012326000302,381.0689655172414
1788008386,20,GET,/projects,0.000000,0.000000,0,0,0,0,0,0,0,0,0,0,0,17,0,50,71.47968788237503,27.641516000585398,124.89350099986041,17370.941176470587
1788008386,20,GET,/projects [bot],0.300000,0.000000,18,18,18,18,18,18,18,18,18,18,18,9,0,18,17.84758355572396,16.608586000074865,19.763376999435422,16685.555555555555
1788008386,20,POST,/projects [create],0.000000,0.000000,0,0,0,0,0,0,0,0,0,0,0,1,0,49.85962099999597,49.85962099999597,49.85962099999597,49.85962099999597,1746.0
1788008386,20,GET,/projects/{id},0.200000,0.000000,11,11,11,11,11,11,11,11,11,11,11,16,0,11,11.240503562476079,6.99340699975437,27.011442000002717,1649.5
1788008386,20,GET,/projects/{id}/tasks [bot],0.700000,0.000000,19,19,21,22,38,38,38,38,38,38,38,38,0,19,19.27043357887956,13.754137999967497,37.54720999950223,26405.236842105263
1788008386,20,POST,/projects/{id}/tasks [create],0.000000,0.000000,25,25,25,25,25,25,25,25,25,25,25,3,0,25,28.622722999898542,22.262458999648516,38.670979000016814,717.6666666666666
1788008386,20,GET,/projects/{id}/views/{view}/buckets/tasks [kanban],0.200000,0.000000,30,30,30,30,30,30,30,30,30,30,30,7,0,22,22.764205714208533,18.601945999762393,29.615940999974555,39371.857142857145
1788008386,20,PUT,/projects/{id}/views/{view}/buckets/{bucket}/tasks [move],0.000000,0.000000,10,10,10,10,10,10,10,10,10,10,10,1,0,9.567078000145557,9.567078000145557,9.567078000145557,9.567078000145557,81.0
1788008386,20,GET,/projects/{id}/views/{view}/tasks [list],0.000000,0.000000,24,24,24,24,24,24,24,24,24,24,24,16,0,23,22.81373299996403,14.957696000237775,30.55599599974812,20342.3125
1788008386,20,GET,/tasks [bot],0.000000,0.000000,0,0,0,0,0,0,0,0,0,0,0,5,0,30,55.401012799848104,24.822803999995813,163.26392399969336,79286.2
1788008386,20,GET,/tasks [home],0.000000,0.000000,0,0,0,0,0,0,0,0,0,0,0,20,0,24,26.07908949994453,15.031994999844756,44.8293970002851,39874.65
1788008386,20,GET,/tasks/{id},0.000000,0.000000,0,0,0,0,0,0,0,0,0,0,0,4,0,23,23.108716749675295,15.272396999534976,29.97373299967876,1154.75
1788008386,20,GET,/tasks/{id} [bot],1.600000,0.000000,19,19,21,21,24,36,36,36,36,36,36,100,0,17,20.153207320017827,11.723516000529344,118.91155400007847,964.18
1788008386,20,PATCH,/tasks/{id} [patch],0.000000,0.000000,0,0,0,0,0,0,0,0,0,0,0,2,0,24,25.25472549996266,23.75692299938237,26.752528000542952,395.5
1788008386,20,GET,/tasks/{id}/comments,0.000000,0.000000,0,0,0,0,0,0,0,0,0,0,0,4,0,8,7.957178999959069,7.336722000218288,8.384407000448846,137.0
1788008386,20,POST,/tasks/{id}/labels [add],0.000000,0.000000,26,26,26,26,26,26,26,26,26,26,26,2,0,21.141725000234146,23.35119149984166,21.141725000234146,25.560657999449177,59.0
1788008386,20,PUT,/tasks/{id}/position,0.000000,0.000000,8,8,8,8,8,8,8,8,8,8,8,1,0,8.278690000224742,8.278690000224742,8.278690000224742,8.278690000224742,68.0
1788008386,20,PUT,/tasks/{id}/read,0.000000,0.000000,0,0,0,0,0,0,0,0,0,0,0,4,0,2,1.88213525007086,1.1479250006232178,2.237560000139638,93.0
1788008386,20,GET,/user,0.000000,0.000000,0,0,0,0,0,0,0,0,0,0,0,17,0,7,15.823874470537275,2.5078779999603285,53.642600999410206,594.7058823529412
1788008386,20,WS,connect+auth+subscribe,0.000000,0.000000,0,0,0,0,0,0,0,0,0,0,0,17,0,4,4.406354006598978,2.181529998779297,8.179664611816406,0.0
1788008386,20,,Aggregated,3.600000,0.000000,18,19,21,22,26,30,38,38,38,38,38,401,0,18,37.763992765857644,0.6950150000193389,369.012326000302,8669.189526184538
1788008387,20,GET,/avatar/{username},0.600000,0.000000,2,2,2,2,3,3,3,3,3,3,3,54,0,2,2.1223352963446547,1.3023339997744188,4.926747999888903,277.0
1788008387,20,GET,/info,0.000000,0.000000,0,0,0,0,0,0,0,0,0,0,0,17,0,1,2.256086705850013,0.6950150000193389,6.604647999665758,851.0
1788008387,20,GET,/labels,0.000000,0.000000,0,0,0,0,0,0,0,0,0,0,0,17,0,41,38.41685141169899,18.131382999854395,56.93368899937923,2857.294117647059
1788008387,20,POST,/login,0.000000,0.000000,0,0,0,0,0,0,0,0,0,0,0,29,0,310,275.3323935172563,122.94386299981852,369.012326000302,381.0689655172414
1788008387,20,GET,/projects,0.000000,0.000000,0,0,0,0,0,0,0,0,0,0,0,17,0,50,71.47968788237503,27.641516000585398,124.89350099986041,17370.941176470587
1788008387,20,GET,/projects [bot],0.400000,0.000000,18,18,20,20,20,20,20,20,20,20,20,10,0,18,18.10863220016472,16.608586000074865,20.458070000131556,16754.9
1788008387,20,POST,/projects [create],0.000000,0.000000,0,0,0,0,0,0,0,0,0,0,0,1,0,49.85962099999597,49.85962099999597,49.85962099999597,49.85962099999597,1746.0
1788008387,20,GET,/projects/{id},0.200000,0.000000,11,11,11,11,11,11,11,11,11,11,11,16,0,11,11.240503562476079,6.99340699975437,27.011442000002717,1649.5
1788008387,20,GET,/projects/{id}/tasks [bot],0.700000,0.000000,19,19,21,21,22,22,22,22,22,22,22,38,0,19,19.27043357887956,13.754137999967497,37.54720999950223,26405.236842105263
1788008387,20,POST,/projects/{id}/tasks [create],0.000000,0.000000,25,25,25,25,25,25,25,25,25,25,25,3,0,25,28.622722999898542,22.262458999648516,38.670979000016814,717.6666666666666
1788008387,20,GET,/projects/{id}/views/{view}/buckets/tasks [kanban],0.200000,0.000000,30,30,30,30,30,30,30,30,30,30,30,7,0,22,22.764205714208533,18.601945999762393,29.615940999974555,39371.857142857145
1788008387,20,PUT,/projects/{id}/views/{view}/buckets/{bucket}/tasks [move],0.000000,0.000000,10,10,10,10,10,10,10,10,10,10,10,1,0,9.567078000145557,9.567078000145557,9.567078000145557,9.567078000145557,81.0
1788008387,20,GET,/projects/{id}/views/{view}/tasks [list],0.000000,0.000000,24,24,24,24,24,24,24,24,24,24,24,16,0,23,22.81373299996403,14.957696000237775,30.55599599974812,20342.3125
1788008387,20,GET,/tasks [bot],0.000000,0.000000,0,0,0,0,0,0,0,0,0,0,0,5,0,30,55.401012799848104,24.822803999995813,163.26392399969336,79286.2
1788008387,20,GET,/tasks [home],0.000000,0.000000,0,0,0,0,0,0,0,0,0,0,0,20,0,24,26.07908949994453,15.031994999844756,44.8293970002851,39874.65
1788008387,20,GET,/tasks/{id},0.000000,0.000000,0,0,0,0,0,0,0,0,0,0,0,4,0,23,23.108716749675295,15.272396999534976,29.97373299967876,1154.75
1788008387,20,GET,/tasks/{id} [bot],1.500000,0.000000,18,19,19,21,24,25,25,25,25,25,25,104,0,17,20.136646057713172,11.723516000529344,118.91155400007847,965.7596153846154
1788008387,20,PATCH,/tasks/{id} [patch],0.000000,0.000000,0,0,0,0,0,0,0,0,0,0,0,2,0,24,25.25472549996266,23.75692299938237,26.752528000542952,395.5
1788008387,20,GET,/tasks/{id}/comments,0.000000,0.000000,0,0,0,0,0,0,0,0,0,0,0,4,0,8,7.957178999959069,7.336722000218288,8.384407000448846,137.0
1788008387,20,POST,/tasks/{id}/labels [add],0.000000,0.000000,26,26,26,26,26,26,26,26,26,26,26,2,0,21.141725000234146,23.35119149984166,21.141725000234146,25.560657999449177,59.0
1788008387,20,PUT,/tasks/{id}/position,0.000000,0.000000,8,8,8,8,8,8,8,8,8,8,8,1,0,8.278690000224742,8.278690000224742,8.278690000224742,8.278690000224742,68.0
1788008387,20,PUT,/tasks/{id}/read,0.000000,0.000000,0,0,0,0,0,0,0,0,0,0,0,4,0,2,1.88213525007086,1.1479250006232178,2.237560000139638,93.0
1788008387,20,GET,/user,0.000000,0.000000,0,0,0,0,0,0,0,0,0,0,0,17,0,7,15.823874470537275,2.5078779999603285,53.642600999410206,594.7058823529412
1788008387,20,WS,connect+auth+subscribe,0.000000,0.000000,0,0,0,0,0,0,0,0,0,0,0,17,0,4,4.406354006598978,2.181529998779297,8.179664611816406,0.0
1788008387,20,,Aggregated,3.600000,0.000000,18,19,21,22,25,26,27,27,27,27,27,406,0,18,37.543619771205506,0.6950150000193389,369.012326000302,8615.135467980295
1788008388,20,GET,/avatar/{username},0.600000,0.000000,2,2,2,2,3,3,3,3,3,3,3,54,0,2,2.1223352963446547,1.3023339997744188,4.926747999888903,277.0
1788008388,20,GET,/info,0.000000,0.000000,0,0,0,0,0,0,0,0,0,0,0,17,0,1,2.256086705850013,0.6950150000193389,6.604647999665758,851.0
1788008388,20,GET,/labels,0.000000,0.000000,0,0,0,0,0,0,0,0,0,0,0,17,0,41,38.41685141169899,18.131382999854395,56.93368899937923,2857.294117647059
1788008388,20,POST,/login,0.000000,0.000000,0,0,0,0,0,0,0,0,0,0,0,29,0,310,275.3323935172563,122.94386299981852,369.012326000302,381.0689655172414
1788008388,20,GET,/projects,0.000000,0.000000,0,0,0,0,0,0,0,0,0,0,0,17,0,50,71.47968788237503,27.641516000585398,124.89350099986041,17370.941176470587
1788008388,20,GET,/projects [bot],0.400000,0.000000,19,19,20,20,20,20,20,20,20,20,20,11,0,18,18.214434363719853,16.608586000074865,20.458070000131556,16667.81818181818
1788008388,20,POST,/projects [create],0.000000,0.000000,0,0,0,0,0,0,0,0,0,0,0,1,0,49.85962099999597,49.85962099999597,49.85962099999597,49.85962099999597,1746.0
1788008388,20,GET,/projects/{id},0.200000,0.000000,11,11,11,11,11,11,11,11,11,11,11,16,0,11,11.240503562476079,6.99340699975437,27.011442000002717,1649.5
1788008388,20,GET,/projects/{id}/tasks [bot],0.700000,0.000000,19,19,21,21,22,22,22,22,22,22,22,38,0,19,19.27043357887956,13.754137999967497,37.54720999950223,26405.236842105263
1788008388,20,POST,/projects/{id}/tasks [create],0.100000,0.000000,25,25,25,25,25,25,25,25,25,25,25,3,0,25,28.622722999898542,22.262458999648516,38.670979000016814,717.6666666666666
1788008388,20,GET,/projects/{id}/views/{view}/buckets/tasks [kanban],0.200000,0.000000,30,30,30,30,30,30,30,30,30,30,30,7,0,22,22.764205714208533,18.601945999762393,29.615940999974555,39371.857142857145
1788008388,20,PUT,/projects/{id}/views/{view}/buckets/{bucket}/tasks [move],0.000000,0.000000,10,10,10,10,10,10,10,10,10,10,10,1,0,9.567078000145557,9.567078000145557,9.567078000145557,9.567078000145557,81.0
1788008388,20,GET,/projects/{id}/views/{view}/tasks [list],0.000000,0.000000,24,24,24,24,24,24,24,24,24,24,24,16,0,23,22.81373299996403,14.957696000237775,30.55599599974812,20342.3125
1788008388,20,GET,/tasks [bot],0.000000,0.000000,0,0,0,0,0,0,0,0,0,0,0,5,0,30,55.401012799848104,24.822803999995813,163.26392399969336,79286.2
1788008388,20,GET,/tasks [home],0.000000,0.000000,0,0,0,0,0,0,0,0,0,0,0,20,0,24,26.07908949994453,15.031994999844756,44.8293970002851,39874.65
1788008388,20,GET,/tasks/{id},0.000000,0.000000,0,0,0,0,0,0,0,0,0,0,0,4,0,23,23.108716749675295,15.272396999534976,29.97373299967876,1154.75
1788008388,20,GET,/tasks/{id} [bot],1.600000,0.000000,19,19,19,21,24,25,25,25,25,25,25,104,0,17,20.136646057713172,11.723516000529344,118.91155400007847,965.7596153846154
1788008388,20,PATCH,/tasks/{id} [patch],0.000000,0.000000,0,0,0,0,0,0,0,0,0,0,0,2,0,24,25.25472549996266,23.75692299938237,26.752528000542952,395.5
1788008388,20,GET,/tasks/{id}/comments,0.000000,0.000000,0,0,0,0,0,0,0,0,0,0,0,4,0,8,7.957178999959069,7.336722000218288,8.384407000448846,137.0
1788008388,20,POST,/tasks/{id}/labels [add],0.100000,0.000000,26,26,26,26,26,26,26,26,26,26,26,2,0,21.141725000234146,23.35119149984166,21.141725000234146,25.560657999449177,59.0
1788008388,20,PUT,/tasks/{id}/position,0.000000,0.000000,8,8,8,8,8,8,8,8,8,8,8,1,0,8.278690000224742,8.278690000224742,8.278690000224742,8.278690000224742,68.0
1788008388,20,PUT,/tasks/{id}/read,0.000000,0.000000,0,0,0,0,0,0,0,0,0,0,0,4,0,2,1.88213525007086,1.1479250006232178,2.237560000139638,93.0
1788008388,20,GET,/user,0.000000,0.000000,0,0,0,0,0,0,0,0,0,0,0,17,0,7,15.823874470537275,2.5078779999603285,53.642600999410206,594.7058823529412
1788008388,20,WS,connect+auth+subscribe,0.000000,0.000000,0,0,0,0,0,0,0,0,0,0,0,17,0,4,4.406354006598978,2.181529998779297,8.179664611816406,0.0
1788008388,20,,Aggregated,3.900000,0.000000,19,19,21,22,25,26,27,27,27,27,27,407,0,18,37.498727476925566,0.6950150000193389,369.012326000302,8632.781326781327
1788008389,20,GET,/avatar/{username},0.600000,0.000000,2,2,2,2,3,3,3,3,3,3,3,54,0,2,2.1223352963446547,1.3023339997744188,4.926747999888903,277.0
1788008389,20,GET,/info,0.000000,0.000000,0,0,0,0,0,0,0,0,0,0,0,17,0,1,2.256086705850013,0.6950150000193389,6.604647999665758,851.0
1788008389,20,GET,/labels,0.000000,0.000000,0,0,0,0,0,0,0,0,0,0,0,17,0,41,38.41685141169899,18.131382999854395,56.93368899937923,2857.294117647059
1788008389,20,POST,/login,0.000000,0.000000,0,0,0,0,0,0,0,0,0,0,0,29,0,310,275.3323935172563,122.94386299981852,369.012326000302,381.0689655172414
1788008389,20,GET,/projects,0.000000,0.000000,0,0,0,0,0,0,0,0,0,0,0,17,0,50,71.47968788237503,27.641516000585398,124.89350099986041,17370.941176470587
1788008389,20,GET,/projects [bot],0.300000,0.000000,19,19,20,20,20,20,20,20,20,20,20,11,0,18,18.214434363719853,16.608586000074865,20.458070000131556,16667.81818181818
1788008389,20,POST,/projects [create],0.000000,0.000000,0,0,0,0,0,0,0,0,0,0,0,1,0,49.85962099999597,49.85962099999597,49.85962099999597,49.85962099999597,1746.0
1788008389,20,GET,/projects/{id},0.200000,0.000000,11,11,11,11,11,11,11,11,11,11,11,16,0,11,11.240503562476079,6.99340699975437,27.011442000002717,1649.5
1788008389,20,GET,/projects/{id}/tasks [bot],0.900000,0.000000,19,19,21,21,22,22,22,22,22,22,22,39,0,19,19.253841102489297,13.754137999967497,37.54720999950223,26734.128205128207
1788008389,20,POST,/projects/{id}/tasks [create],0.200000,0.000000,25,25,25,25,25,25,25,25,25,25,25,3,0,25,28.622722999898542,22.262458999648516,38.670979000016814,717.6666666666666
1788008389,20,GET,/projects/{id}/views/{view}/buckets/tasks [kanban],0.200000,0.000000,30,30,30,30,30,30,30,30,30,30,30,7,0,22,22.764205714208533,18.601945999762393,29.615940999974555,39371.857142857145
1788008389,20,PUT,/projects/{id}/views/{view}/buckets/{bucket}/tasks [move],0.000000,0.000000,0,0,0,0,0,0,0,0,0,0,0,1,0,9.567078000145557,9.567078000145557,9.567078000145557,9.567078000145557,81.0
1788008389,20,GET,/projects/{id}/views/{view}/tasks [list],0.000000,0.000000,24,24,24,24,24,24,24,24,24,24,24,16,0,23,22.81373299996403,14.957696000237775,30.55599599974812,20342.3125
1788008389,20,GET,/tasks [bot],0.000000,0.000000,0,0,0,0,0,0,0,0,0,0,0,5,0,30,55.401012799848104,24.822803999995813,163.26392399969336,79286.2
1788008389,20,GET,/tasks [home],0.000000,0.000000,0,0,0,0,0,0,0,0,0,0,0,20,0,24,26.07908949994453,15.031994999844756,44.8293970002851,39874.65
1788008389,20,GET,/tasks/{id},0.000000,0.000000,0,0,0,0,0,0,0,0,0,0,0,4,0,23,23.108716749675295,15.272396999534976,29.97373299967876,1154.75
1788008389,20,GET,/tasks/{id} [bot],1.700000,0.000000,19,19,19,21,24,25,25,25,25,25,25,106,0,17,20.098570556627855,11.723516000529344,118.91155400007847,967.0754716981132
1788008389,20,PATCH,/tasks/{id} [patch],0.000000,0.000000,0,0,0,0,0,0,0,0,0,0,0,2,0,24,25.25472549996266,23.75692299938237,26.752528000542952,395.5
1788008389,20,GET,/tasks/{id}/comments,0.000000,0.000000,0,0,0,0,0,0,0,0,0,0,0,4,0,8,7.957178999959069,7.336722000218288,8.384407000448846,137.0
1788008389,20,POST,/tasks/{id}/labels [add],0.100000,0.000000,26,26,26,26,26,26,26,26,26,26,26,2,0,21.141725000234146,23.35119149984166,21.141725000234146,25.560657999449177,59.0
1788008389,20,PUT,/tasks/{id}/position,0.000000,0.000000,0,0,0,0,0,0,0,0,0,0,0,1,0,8.278690000224742,8.278690000224742,8.278690000224742,8.278690000224742,68.0
1788008389,20,PUT,/tasks/{id}/read,0.000000,0.000000,0,0,0,0,0,0,0,0,0,0,0,4,0,2,1.88213525007086,1.1479250006232178,2.237560000139638,93.0
1788008389,20,GET,/user,0.000000,0.000000,0,0,0,0,0,0,0,0,0,0,0,17,0,7,15.823874470537275,2.5078779999603285,53.642600999410206,594.7058823529412
1788008389,20,WS,connect+auth+subscribe,0.000000,0.000000,0,0,0,0,0,0,0,0,0,0,0,17,0,4,4.406354006598978,2.181529998779297,8.179664611816406,0.0
1788008389,20,,Aggregated,4.200000,0.000000,19,19,21,22,25,26,27,27,27,27,27,410,0,18,37.35815292465548,0.6950150000193389,369.012326000302,8670.353658536585
1788008390,20,GET,/avatar/{username},0.300000,0.000000,2,2,2,2,2,2,2,2,2,2,2,54,0,2,2.1223352963446547,1.3023339997744188,4.926747999888903,277.0
1788008390,20,GET,/info,0.000000,0.000000,0,0,0,0,0,0,0,0,0,0,0,17,0,1,2.256086705850013,0.6950150000193389,6.604647999665758,851.0
1788008390,20,GET,/labels,0.000000,0.000000,0,0,0,0,0,0,0,0,0,0,0,17,0,41,38.41685141169899,18.131382999854395,56.93368899937923,2857.294117647059
1788008390,20,POST,/login,0.000000,0.000000,0,0,0,0,0,0,0,0,0,0,0,29,0,310,275.3323935172563,122.94386299981852,369.012326000302,381.0689655172414
1788008390,20,GET,/projects,0.000000,0.000000,0,0,0,0,0,0,0,0,0,0,0,17,0,50,71.47968788237503,27.641516000585398,124.89350099986041,17370.941176470587
1788008390,20,GET,/projects [bot],0.400000,0.000000,19,19,20,20,20,20,20,20,20,20,20,11,0,18,18.214434363719853,16.608586000074865,20.458070000131556,16667.81818181818
1788008390,20,POST,/projects [create],0.000000,0.000000,0,0,0,0,0,0,0,0,0,0,0,1,0,49.85962099999597,49.85962099999597,49.85962099999597,49.85962099999597,1746.0
1788008390,20,GET,/projects/{id},0.100000,0.000000,11,11,11,11,11,11,11,11,11,11,11,16,0,11,11.240503562476079,6.99340699975437,27.011442000002717,1649.5
1788008390,20,GET,/projects/{id}/tasks [bot],0.800000,0.000000,19,19,19,21,22,22,22,22,22,22,22,41,0,19,19.13398539017646,13.754137999967497,37.54720999950223,26189.439024390245
1788008390,20,POST,/projects/{id}/tasks [create],0.200000,0.000000,25,25,25,25,25,25,25,25,25,25,25,3,0,25,28.622722999898542,22.262458999648516,38.670979000016814,717.6666666666666
1788008390,20,GET,/projects/{id}/views/{view}/buckets/tasks [kanban],0.100000,0.000000,27,27,27,27,27,27,27,27,27,27,27,7,0,22,22.764205714208533,18.601945999762393,29.615940999974555,39371.857142857145
1788008390,20,PUT,/projects/{id}/views/{view}/buckets/{bucket}/tasks [move],0.000000,0.000000,0,0,0,0,0,0,0,0,0,0,0,1,0,9.567078000145557,9.567078000145557,9.567078000145557,9.567078000145557,81.0
1788008390,20,GET,/projects/{id}/views/{view}/tasks [list],0.000000,0.000000,0,0,0,0,0,0,0,0,0,0,0,16,0,23,22.81373299996403,14.957696000237775,30.55599599974812,20342.3125
1788008390,20,GET,/tasks [bot],0.000000,0.000000,0,0,0,0,0,0,0,0,0,0,0,5,0,30,55.401012799848104,24.822803999995813,163.26392399969336,79286.2
1788008390,20,GET,/tasks [home],0.000000,0.000000,0,0,0,0,0,0,0,0,0,0,0,20,0,24,26.07908949994453,15.031994999844756,44.8293970002851,39874.65
1788008390,20,GET,/tasks/{id},0.000000,0.000000,0,0,0,0,0,0,0,0,0,0,0,4,0,23,23.108716749675295,15.272396999534976,29.97373299967876,1154.75
1788008390,20,GET,/tasks/{id} [bot],1.900000,0.000000,19,19,20,21,24,25,25,25,25,25,25,109,0,17,20.060668917463406,11.723516000529344,118.91155400007847,965.1743119266055
1788008390,20,PATCH,/tasks/{id} [patch],0.000000,0.000000,0,0,0,0,0,0,0,0,0,0,0,2,0,24,25.25472549996266,23.75692299938237,26.752528000542952,395.5
1788008390,20,GET,/tasks/{id}/comments,0.000000,0.000000,0,0,0,0,0,0,0,0,0,0,0,4,0,8,7.957178999959069,7.336722000218288,8.384407000448846,137.0
1788008390,20,POST,/tasks/{id}/labels [add],0.100000,0.000000,26,26,26,26,26,26,26,26,26,26,26,2,0,21.141725000234146,23.35119149984166,21.141725000234146,25.560657999449177,59.0
1788008390,20,PUT,/tasks/{id}/position,0.000000,0.000000,0,0,0,0,0,0,0,0,0,0,0,1,0,8.278690000224742,8.278690000224742,8.278690000224742,8.278690000224742,68.0
1788008390,20,PUT,/tasks/{id}/read,0.000000,0.000000,0,0,0,0,0,0,0,0,0,0,0,4,0,2,1.88213525007086,1.1479250006232178,2.237560000139638,93.0
1788008390,20,GET,/user,0.000000,0.000000,0,0,0,0,0,0,0,0,0,0,0,17,0,7,15.823874470537275,2.5078779999603285,53.642600999410206,594.7058823529412
1788008390,20,WS,connect+auth+subscribe,0.000000,0.000000,0,0,0,0,0,0,0,0,0,0,0,17,0,4,4.406354006598978,2.181529998779297,8.179664611816406,0.0
1788008390,20,,Aggregated,3.900000,0.000000,19,19,21,22,25,26,27,27,27,27,27,415,0,18,37.12433910869845,0.6950150000193389,369.012326000302,8647.409638554216
1788008391,0,GET,/avatar/{username},0.300000,0.000000,2,2,2,2,2,2,2,2,2,2,2,54,0,2,2.1223352963446547,1.3023339997744188,4.926747999888903,277.0
1788008391,0,GET,/info,0.000000,0.000000,0,0,0,0,0,0,0,0,0,0,0,17,0,1,2.256086705850013,0.6950150000193389,6.604647999665758,851.0
1788008391,0,GET,/labels,0.000000,0.000000,0,0,0,0,0,0,0,0,0,0,0,17,0,41,38.41685141169899,18.131382999854395,56.93368899937923,2857.294117647059
1788008391,0,POST,/login,0.000000,0.000000,0,0,0,0,0,0,0,0,0,0,0,29,0,310,275.3323935172563,122.94386299981852,369.012326000302,381.0689655172414
1788008391,0,GET,/projects,0.000000,0.000000,0,0,0,0,0,0,0,0,0,0,0,17,0,50,71.47968788237503,27.641516000585398,124.89350099986041,17370.941176470587
1788008391,0,GET,/projects [bot],0.400000,0.000000,19,19,20,20,20,20,20,20,20,20,20,11,0,18,18.214434363719853,16.608586000074865,20.458070000131556,16667.81818181818
1788008391,0,POST,/projects [create],0.000000,0.000000,0,0,0,0,0,0,0,0,0,0,0,1,0,49.85962099999597,49.85962099999597,49.85962099999597,49.85962099999597,1746.0
1788008391,0,GET,/projects/{id},0.100000,0.000000,11,11,11,11,11,11,11,11,11,11,11,16,0,11,11.240503562476079,6.99340699975437,27.011442000002717,1649.5
1788008391,0,GET,/projects/{id}/tasks [bot],0.800000,0.000000,19,19,21,21,22,22,22,22,22,22,22,41,0,19,19.13398539017646,13.754137999967497,37.54720999950223,26189.439024390245
1788008391,0,POST,/projects/{id}/tasks [create],0.200000,0.000000,25,25,25,25,25,25,25,25,25,25,25,3,0,25,28.622722999898542,22.262458999648516,38.670979000016814,717.6666666666666
1788008391,0,GET,/projects/{id}/views/{view}/buckets/tasks [kanban],0.100000,0.000000,27,27,27,27,27,27,27,27,27,27,27,7,0,22,22.764205714208533,18.601945999762393,29.615940999974555,39371.857142857145
1788008391,0,PUT,/projects/{id}/views/{view}/buckets/{bucket}/tasks [move],0.000000,0.000000,0,0,0,0,0,0,0,0,0,0,0,1,0,9.567078000145557,9.567078000145557,9.567078000145557,9.567078000145557,81.0
1788008391,0,GET,/projects/{id}/views/{view}/tasks [list],0.000000,0.000000,0,0,0,0,0,0,0,0,0,0,0,16,0,23,22.81373299996403,14.957696000237775,30.55599599974812,20342.3125
1788008391,0,GET,/tasks [bot],0.000000,0.000000,0,0,0,0,0,0,0,0,0,0,0,5,0,30,55.401012799848104,24.822803999995813,163.26392399969336,79286.2
1788008391,0,GET,/tasks [home],0.000000,0.000000,0,0,0,0,0,0,0,0,0,0,0,20,0,24,26.07908949994453,15.031994999844756,44.8293970002851,39874.65
1788008391,0,GET,/tasks/{id},0.000000,0.000000,0,0,0,0,0,0,0,0,0,0,0,4,0,23,23.108716749675295,15.272396999534976,29.97373299967876,1154.75
1788008391,0,GET,/tasks/{id} [bot],1.900000,0.000000,19,19,21,21,24,25,25,25,25,25,25,109,0,17,20.060668917463406,11.723516000529344,118.91155400007847,965.1743119266055
1788008391,0,PATCH,/tasks/{id} [patch],0.000000,0.000000,0,0,0,0,0,0,0,0,0,0,0,2,0,24,25.25472549996266,23.75692299938237,26.752528000542952,395.5
1788008391,0,GET,/tasks/{id}/comments,0.000000,0.000000,0,0,0,0,0,0,0,0,0,0,0,4,0,8,7.957178999959069,7.336722000218288,8.384407000448846,137.0
1788008391,0,POST,/tasks/{id}/labels [add],0.100000,0.000000,26,26,26,26,26,26,26,26,26,26,26,2,0,21.141725000234146,23.35119149984166,21.141725000234146,25.560657999449177,59.0
1788008391,0,PUT,/tasks/{id}/position,0.000000,0.000000,0,0,0,0,0,0,0,0,0,0,0,1,0,8.278690000224742,8.278690000224742,8.278690000224742,8.278690000224742,68.0
1788008391,0,PUT,/tasks/{id}/read,0.000000,0.000000,0,0,0,0,0,0,0,0,0,0,0,4,0,2,1.88213525007086,1.1479250006232178,2.237560000139638,93.0
1788008391,0,GET,/user,0.000000,0.000000,0,0,0,0,0,0,0,0,0,0,0,17,0,7,15.823874470537275,2.5078779999603285,53.642600999410206,594.7058823529412
1788008391,0,WS,connect+auth+subscribe,0.000000,0.000000,0,0,0,0,0,0,0,0,0,0,0,17,0,4,4.406354006598978,2.181529998779297,8.179664611816406,0.0
1788008391,0,,Aggregated,3.900000,0.000000,19,20,21,22,25,26,27,27,27,27,27,415,0,18,37.12433910869845,0.6950150000193389,369.012326000302,8647.409638554216
1788008392,0,GET,/avatar/{username},0.300000,0.000000,2,2,2,2,2,2,2,2,2,2,2,54,0,2,2.1223352963446547,1.3023339997744188,4.926747999888903,277.0
1788008392,0,GET,/info,0.000000,0.000000,0,0,0,0,0,0,0,0,0,0,0,17,0,1,2.256086705850013,0.6950150000193389,6.604647999665758,851.0
1788008392,0,GET,/labels,0.000000,0.000000,0,0,0,0,0,0,0,0,0,0,0,17,0,41,38.41685141169899,18.131382999854395,56.93368899937923,2857.294117647059
1788008392,0,POST,/login,0.000000,0.000000,0,0,0,0,0,0,0,0,0,0,0,29,0,310,275.3323935172563,122.94386299981852,369.012326000302,381.0689655172414
1788008392,0,GET,/projects,0.000000,0.000000,0,0,0,0,0,0,0,0,0,0,0,17,0,50,71.47968788237503,27.641516000585398,124.89350099986041,17370.941176470587
1788008392,0,GET,/projects [bot],0.400000,0.000000,19,19,20,20,20,20,20,20,20,20,20,11,0,18,18.214434363719853,16.608586000074865,20.458070000131556,16667.81818181818
1788008392,0,POST,/projects [create],0.000000,0.000000,0,0,0,0,0,0,0,0,0,0,0,1,0,49.85962099999597,49.85962099999597,49.85962099999597,49.85962099999597,1746.0
1788008392,0,GET,/projects/{id},0.100000,0.000000,11,11,11,11,11,11,11,11,11,11,11,16,0,11,11.240503562476079,6.99340699975437,27.011442000002717,1649.5
1788008392,0,GET,/projects/{id}/tasks [bot],0.800000,0.000000,19,19,21,21,22,22,22,22,22,22,22,41,0,19,19.13398539017646,13.754137999967497,37.54720999950223,26189.439024390245
1788008392,0,POST,/projects/{id}/tasks [create],0.200000,0.000000,25,25,25,25,25,25,25,25,25,25,25,3,0,25,28.622722999898542,22.262458999648516,38.670979000016814,717.6666666666666
1788008392,0,GET,/projects/{id}/views/{view}/buckets/tasks [kanban],0.100000,0.000000,27,27,27,27,27,27,27,27,27,27,27,7,0,22,22.764205714208533,18.601945999762393,29.615940999974555,39371.857142857145
1788008392,0,PUT,/projects/{id}/views/{view}/buckets/{bucket}/tasks [move],0.000000,0.000000,0,0,0,0,0,0,0,0,0,0,0,1,0,9.567078000145557,9.567078000145557,9.567078000145557,9.567078000145557,81.0
1788008392,0,GET,/projects/{id}/views/{view}/tasks [list],0.000000,0.000000,0,0,0,0,0,0,0,0,0,0,0,16,0,23,22.81373299996403,14.957696000237775,30.55599599974812,20342.3125
1788008392,0,GET,/tasks [bot],0.000000,0.000000,0,0,0,0,0,0,0,0,0,0,0,5,0,30,55.401012799848104,24.822803999995813,163.26392399969336,79286.2
1788008392,0,GET,/tasks [home],0.000000,0.000000,0,0,0,0,0,0,0,0,0,0,0,20,0,24,26.07908949994453,15.031994999844756,44.8293970002851,39874.65
1788008392,0,GET,/tasks/{id},0.000000,0.000000,0,0,0,0,0,0,0,0,0,0,0,4,0,23,23.108716749675295,15.272396999534976,29.97373299967876,1154.75
1788008392,0,GET,/tasks/{id} [bot],1.900000,0.000000,19,19,21,22,24,25,25,25,25,25,25,109,0,17,20.060668917463406,11.723516000529344,118.91155400007847,965.1743119266055
1788008392,0,PATCH,/tasks/{id} [patch],0.000000,0.000000,0,0,0,0,0,0,0,0,0,0,0,2,0,24,25.25472549996266,23.75692299938237,26.752528000542952,395.5
1788008392,0,GET,/tasks/{id}/comments,0.000000,0.000000,0,0,0,0,0,0,0,0,0,0,0,4,0,8,7.957178999959069,7.336722000218288,8.384407000448846,137.0
1788008392,0,POST,/tasks/{id}/labels [add],0.100000,0.000000,26,26,26,26,26,26,26,26,26,26,26,2,0,21.141725000234146,23.35119149984166,21.141725000234146,25.560657999449177,59.0
1788008392,0,PUT,/tasks/{id}/position,0.000000,0.000000,0,0,0,0,0,0,0,0,0,0,0,1,0,8.278690000224742,8.278690000224742,8.278690000224742,8.278690000224742,68.0
1788008392,0,PUT,/tasks/{id}/read,0.000000,0.000000,0,0,0,0,0,0,0,0,0,0,0,4,0,2,1.88213525007086,1.1479250006232178,2.237560000139638,93.0
1788008392,0,GET,/user,0.000000,0.000000,0,0,0,0,0,0,0,0,0,0,0,17,0,7,15.823874470537275,2.5078779999603285,53.642600999410206,594.7058823529412
1788008392,0,WS,connect+auth+subscribe,0.000000,0.000000,0,0,0,0,0,0,0,0,0,0,0,17,0,4,4.406354006598978,2.181529998779297,8.179664611816406,0.0
1788008392,0,,Aggregated,3.900000,0.000000,19,20,22,22,25,26,27,27,27,27,27,415,0,18,37.12433910869845,0.6950150000193389,369.012326000302,8647.409638554216
1788008393,0,GET,/avatar/{username},0.300000,0.000000,2,2,2,2,2,2,2,2,2,2,2,54,0,2,2.1223352963446547,1.3023339997744188,4.926747999888903,277.0
1788008393,0,GET,/info,0.000000,0.000000,0,0,0,0,0,0,0,0,0,0,0,17,0,1,2.256086705850013,0.6950150000193389,6.604647999665758,851.0
1788008393,0,GET,/labels,0.000000,0.000000,0,0,0,0,0,0,0,0,0,0,0,17,0,41,38.41685141169899,18.131382999854395,56.93368899937923,2857.294117647059
1788008393,0,POST,/login,0.000000,0.000000,0,0,0,0,0,0,0,0,0,0,0,29,0,310,275.3323935172563,122.94386299981852,369.012326000302,381.0689655172414
1788008393,0,GET,/projects,0.000000,0.000000,0,0,0,0,0,0,0,0,0,0,0,17,0,50,71.47968788237503,27.641516000585398,124.89350099986041,17370.941176470587
1788008393,0,GET,/projects [bot],0.400000,0.000000,19,19,20,20,20,20,20,20,20,20,20,11,0,18,18.214434363719853,16.608586000074865,20.458070000131556,16667.81818181818
1788008393,0,POST,/projects [create],0.000000,0.000000,0,0,0,0,0,0,0,0,0,0,0,1,0,49.85962099999597,49.85962099999597,49.85962099999597,49.85962099999597,1746.0
1788008393,0,GET,/projects/{id},0.100000,0.000000,11,11,11,11,11,11,11,11,11,11,11,16,0,11,11.240503562476079,6.99340699975437,27.011442000002717,1649.5
1788008393,0,GET,/projects/{id}/tasks [bot],0.800000,0.000000,18,18,19,19,22,22,22,22,22,22,22,41,0,19,19.13398539017646,13.754137999967497,37.54720999950223,26189.439024390245
1788008393,0,POST,/projects/{id}/tasks [create],0.200000,0.000000,25,25,25,25,25,25,25,25,25,25,25,3,0,25,28.622722999898542,22.262458999648516,38.670979000016814,717.6666666666666
1788008393,0,GET,/projects/{id}/views/{view}/buckets/tasks [kanban],0.100000,0.000000,27,27,27,27,27,27,27,27,27,27,27,7,0,22,22.764205714208533,18.601945999762393,29.615940999974555,39371.857142857145
1788008393,0,PUT,/projects/{id}/views/{view}/buckets/{bucket}/tasks [move],0.000000,0.000000,0,0,0,0,0,0,0,0,0,0,0,1,0,9.567078000145557,9.567078000145557,9.567078000145557,9.567078000145557,81.0
1788008393,0,GET,/projects/{id}/views/{view}/tasks [list],0.000000,0.000000,0,0,0,0,0,0,0,0,0,0,0,16,0,23,22.81373299996403,14.957696000237775,30.55599599974812,20342.3125
1788008393,0,GET,/tasks [bot],0.000000,0.000000,0,0,0,0,0,0,0,0,0,0,0,5,0,30,55.401012799848104,24.822803999995813,163.26392399969336,79286.2
1788008393,0,GET,/tasks [home],0.000000,0.000000,0,0,0,0,0,0,0,0,0,0,0,20,0,24,26.07908949994453,15.031994999844756,44.8293970002851,39874.65
1788008393,0,GET,/tasks/{id},0.000000,0.000000,0,0,0,0,0,0,0,0,0,0,0,4,0,23,23.108716749675295,15.272396999534976,29.97373299967876,1154.75
1788008393,0,GET,/tasks/{id} [bot],1.900000,0.000000,19,19,21,22,24,25,25,25,25,25,25,109,0,17,20.060668917463406,11.723516000529344,118.91155400007847,965.1743119266055
1788008393,0,PATCH,/tasks/{id} [patch],0.000000,0.000000,0,0,0,0,0,0,0,0,0,0,0,2,0,24,25.25472549996266,23.75692299938237,26.752528000542952,395.5
1788008393,0,GET,/tasks/{id}/comments,0.000000,0.000000,0,0,0,0,0,0,0,0,0,0,0,4,0,8,7.957178999959069,7.336722000218288,8.384407000448846,137.0
1788008393,0,POST,/tasks/{id}/labels [add],0.100000,0.000000,26,26,26,26,26,26,26,26,26,26,26,2,0,21.141725000234146,23.35119149984166,21.141725000234146,25.560657999449177,59.0
1788008393,0,PUT,/tasks/{id}/position,0.000000,0.000000,0,0,0,0,0,0,0,0,0,0,0,1,0,8.278690000224742,8.278690000224742,8.278690000224742,8.278690000224742,68.0
1788008393,0,PUT,/tasks/{id}/read,0.000000,0.000000,0,0,0,0,0,0,0,0,0,0,0,4,0,2,1.88213525007086,1.1479250006232178,2.237560000139638,93.0
1788008393,0,GET,/user,0.000000,0.000000,0,0,0,0,0,0,0,0,0,0,0,17,0,7,15.823874470537275,2.5078779999603285,53.642600999410206,594.7058823529412
1788008393,0,WS,connect+auth+subscribe,0.000000,0.000000,0,0,0,0,0,0,0,0,0,0,0,17,0,4,4.406354006598978,2.181529998779297,8.179664611816406,0.0
1788008393,0,,Aggregated,3.900000,0.000000,19,20,22,22,25,25,26,26,26,26,26,415,0,18,37.12433910869845,0.6950150000193389,369.012326000302,8647.409638554216
1788008394,0,GET,/avatar/{username},0.300000,0.000000,2,2,2,2,2,2,2,2,2,2,2,54,0,2,2.1223352963446547,1.3023339997744188,4.926747999888903,277.0
1788008394,0,GET,/info,0.000000,0.000000,0,0,0,0,0,0,0,0,0,0,0,17,0,1,2.256086705850013,0.6950150000193389,6.604647999665758,851.0
1788008394,0,GET,/labels,0.000000,0.000000,0,0,0,0,0,0,0,0,0,0,0,17,0,41,38.41685141169899,18.131382999854395,56.93368899937923,2857.294117647059
1788008394,0,POST,/login,0.000000,0.000000,0,0,0,0,0,0,0,0,0,0,0,29,0,310,275.3323935172563,122.94386299981852,369.012326000302,381.0689655172414
1788008394,0,GET,/projects,0.000000,0.000000,0,0,0,0,0,0,0,0,0,0,0,17,0,50,71.47968788237503,27.641516000585398,124.89350099986041,17370.941176470587
1788008394,0,GET,/projects [bot],0.400000,0.000000,19,19,20,20,20,20,20,20,20,20,20,11,0,18,18.214434363719853,16.608586000074865,20.458070000131556,16667.81818181818
1788008394,0,POST,/projects [create],0.000000,0.000000,0,0,0,0,0,0,0,0,0,0,0,1,0,49.85962099999597,49.85962099999597,49.85962099999597,49.85962099999597,1746.0
1788008394,0,GET,/projects/{id},0.100000,0.000000,11,11,11,11,11,11,11,11,11,11,11,16,0,11,11.240503562476079,6.99340699975437,27.011442000002717,1649.5
1788008394,0,GET,/projects/{id}/tasks [bot],0.800000,0.000000,18,18,19,19,22,22,22,22,22,22,22,41,0,19,19.13398539017646,13.754137999967497,37.54720999950223,26189.439024390245
1788008394,0,POST,/projects/{id}/tasks [create],0.200000,0.000000,25,25,25,25,25,25,25,25,25,25,25,3,0,25,28.622722999898542,22.262458999648516,38.670979000016814,717.6666666666666
1788008394,0,GET,/projects/{id}/views/{view}/buckets/tasks [kanban],0.100000,0.000000,27,27,27,27,27,27,27,27,27,27,27,7,0,22,22.764205714208533,18.601945999762393,29.615940999974555,39371.857142857145
1788008394,0,PUT,/projects/{id}/views/{view}/buckets/{bucket}/tasks [move],0.000000,0.000000,0,0,0,0,0,0,0,0,0,0,0,1,0,9.567078000145557,9.567078000145557,9.567078000145557,9.567078000145557,81.0
1788008394,0,GET,/projects/{id}/views/{view}/tasks [list],0.000000,0.000000,0,0,0,0,0,0,0,0,0,0,0,16,0,23,22.81373299996403,14.957696000237775,30.55599599974812,20342.3125
1788008394,0,GET,/tasks [bot],0.000000,0.000000,0,0,0,0,0,0,0,0,0,0,0,5,0,30,55.401012799848104,24.822803999995813,163.26392399969336,79286.2
1788008394,0,GET,/tasks [home],0.000000,0.000000,0,0,0,0,0,0,0,0,0,0,0,20,0,24,26.07908949994453,15.031994999844756,44.8293970002851,39874.65
1788008394,0,GET,/tasks/{id},0.000000,0.000000,0,0,0,0,0,0,0,0,0,0,0,4,0,23,23.108716749675295,15.272396999534976,29.97373299967876,1154.75
1788008394,0,GET,/tasks/{id} [bot],1.900000,0.000000,19,20,21,22,24,25,25,25,25,25,25,109,0,17,20.060668917463406,11.723516000529344,118.91155400007847,965.1743119266055
1788008394,0,PATCH,/tasks/{id} [patch],0.000000,0.000000,0,0,0,0,0,0,0,0,0,0,0,2,0,24,25.25472549996266,23.75692299938237,26.752528000542952,395.5
1788008394,0,GET,/tasks/{id}/comments,0.000000,0.000000,0,0,0,0,0,0,0,0,0,0,0,4,0,8,7.957178999959069,7.336722000218288,8.384407000448846,137.0
1788008394,0,POST,/tasks/{id}/labels [add],0.100000,0.000000,26,26,26,26,26,26,26,26,26,26,26,2,0,21.141725000234146,23.35119149984166,21.141725000234146,25.560657999449177,59.0
1788008394,0,PUT,/tasks/{id}/position,0.000000,0.000000,0,0,0,0,0,0,0,0,0,0,0,1,0,8.278690000224742,8.278690000224742,8.278690000224742,8.278690000224742,68.0
1788008394,0,PUT,/tasks/{id}/read,0.000000,0.000000,0,0,0,0,0,0,0,0,0,0,0,4,0,2,1.88213525007086,1.1479250006232178,2.237560000139638,93.0
1788008394,0,GET,/user,0.000000,0.000000,0,0,0,0,0,0,0,0,0,0,0,17,0,7,15.823874470537275,2.5078779999603285,53.642600999410206,594.7058823529412
1788008394,0,WS,connect+auth+subscribe,0.000000,0.000000,0,0,0,0,0,0,0,0,0,0,0,17,0,4,4.406354006598978,2.181529998779297,8.179664611816406,0.0
1788008394,0,,Aggregated,3.900000,0.000000,19,20,22,22,25,25,26,26,26,26,26,415,0,18,37.12433910869845,0.6950150000193389,369.012326000302,8647.409638554216
1788008395,0,GET,/avatar/{username},0.300000,0.000000,2,2,2,2,2,2,2,2,2,2,2,54,0,2,2.1223352963446547,1.3023339997744188,4.926747999888903,277.0
1788008395,0,GET,/info,0.000000,0.000000,0,0,0,0,0,0,0,0,0,0,0,17,0,1,2.256086705850013,0.6950150000193389,6.604647999665758,851.0
1788008395,0,GET,/labels,0.000000,0.000000,0,0,0,0,0,0,0,0,0,0,0,17,0,41,38.41685141169899,18.131382999854395,56.93368899937923,2857.294117647059
1788008395,0,POST,/login,0.000000,0.000000,0,0,0,0,0,0,0,0,0,0,0,29,0,310,275.3323935172563,122.94386299981852,369.012326000302,381.0689655172414
1788008395,0,GET,/projects,0.000000,0.000000,0,0,0,0,0,0,0,0,0,0,0,17,0,50,71.47968788237503,27.641516000585398,124.89350099986041,17370.941176470587
1788008395,0,GET,/projects [bot],0.400000,0.000000,20,20,20,20,20,20,20,20,20,20,20,11,0,18,18.214434363719853,16.608586000074865,20.458070000131556,16667.81818181818
1788008395,0,POST,/projects [create],0.000000,0.000000,0,0,0,0,0,0,0,0,0,0,0,1,0,49.85962099999597,49.85962099999597,49.85962099999597,49.85962099999597,1746.0
1788008395,0,GET,/projects/{id},0.100000,0.000000,11,11,11,11,11,11,11,11,11,11,11,16,0,11,11.240503562476079,6.99340699975437,27.011442000002717,1649.5
1788008395,0,GET,/projects/{id}/tasks [bot],0.800000,0.000000,17,18,18,19,19,19,19,19,19,19,19,41,0,19,19.13398539017646,13.754137999967497,37.54720999950223,26189.439024390245
1788008395,0,POST,/projects/{id}/tasks [create],0.200000,0.000000,25,25,25,25,25,25,25,25,25,25,25,3,0,25,28.622722999898542,22.262458999648516,38.670979000016814,717.6666666666666
1788008395,0,GET,/projects/{id}/views/{view}/buckets/tasks [kanban],0.100000,0.000000,27,27,27,27,27,27,27,27,27,27,27,7,0,22,22.764205714208533,18.601945999762393,29.615940999974555,39371.857142857145
1788008395,0,PUT,/projects/{id}/views/{view}/buckets/{bucket}/tasks [move],0.000000,0.000000,0,0,0,0,0,0,0,0,0,0,0,1,0,9.567078000145557,9.567078000145557,9.567078000145557,9.567078000145557,81.0
1788008395,0,GET,/projects/{id}/views/{view}/tasks [list],0.000000,0.000000,0,0,0,0,0,0,0,0,0,0,0,16,0,23,22.81373299996403,14.957696000237775,30.55599599974812,20342.3125
1788008395,0,GET,/tasks [bot],0.000000,0.000000,0,0,0,0,0,0,0,0,0,0,0,5,0,30,55.401012799848104,24.822803999995813,163.26392399969336,79286.2
1788008395,0,GET,/tasks [home],0.000000,0.000000,0,0,0,0,0,0,0,0,0,0,0,20,0,24,26.07908949994453,15.031994999844756,44.8293970002851,39874.65
1788008395,0,GET,/tasks/{id},0.000000,0.000000,0,0,0,0,0,0,0,0,0,0,0,4,0,23,23.108716749675295,15.272396999534976,29.97373299967876,1154.75
1788008395,0,GET,/tasks/{id} [bot],1.900000,0.000000,19,19,19,20,25,25,25,25,25,25,25,109,0,17,20.060668917463406,11.723516000529344,118.91155400007847,965.1743119266055
1788008395,0,PATCH,/tasks/{id} [patch],0.000000,0.000000,0,0,0,0,0,0,0,0,0,0,0,2,0,24,25.25472549996266,23.75692299938237,26.752528000542952,395.5
1788008395,0,GET,/tasks/{id}/comments,0.000000,0.000000,0,0,0,0,0,0,0,0,0,0,0,4,0,8,7.957178999959069,7.336722000218288,8.384407000448846,137.0
1788008395,0,POST,/tasks/{id}/labels [add],0.100000,0.000000,26,26,26,26,26,26,26,26,26,26,26,2,0,21.141725000234146,23.35119149984166,21.141725000234146,25.560657999449177,59.0
1788008395,0,PUT,/tasks/{id}/position,0.000000,0.000000,0,0,0,0,0,0,0,0,0,0,0,1,0,8.278690000224742,8.278690000224742,8.278690000224742,8.278690000224742,68.0
1788008395,0,PUT,/tasks/{id}/read,0.000000,0.000000,0,0,0,0,0,0,0,0,0,0,0,4,0,2,1.88213525007086,1.1479250006232178,2.237560000139638,93.0
1788008395,0,GET,/user,0.000000,0.000000,0,0,0,0,0,0,0,0,0,0,0,17,0,7,15.823874470537275,2.5078779999603285,53.642600999410206,594.7058823529412
1788008395,0,WS,connect+auth+subscribe,0.000000,0.000000,0,0,0,0,0,0,0,0,0,0,0,17,0,4,4.406354006598978,2.181529998779297,8.179664611816406,0.0
1788008395,0,,Aggregated,3.900000,0.000000,19,19,19,20,25,25,25,25,25,25,25,415,0,18,37.12433910869845,0.6950150000193389,369.012326000302,8647.409638554216
